Date,Mean Return,Index Return,Strategy Wealth,Index Wealth
2013-10-08,0.01626161426338444,0.029841089670828564,1.0162616142633845,1.0298410896708285
2013-10-15,0.029064934812123713,0.022716000396786073,1.0457991918340133,1.0532349602724178
2013-10-22,0.002378398904743337,0.021306175234400336,1.0482865194864526,1.0756753688989786
2013-10-29,-0.005542549223862091,0.0005803708041828906,1.0424763398514878,1.0762996594778662
2013-11-05,0.021297307799892303,0.031714015964294955,1.0646782793354101,1.1104334440609125
2013-11-12,-0.00879789232500257,-0.03553304771016169,1.0553113544730481,1.070976359514137
2013-11-19,0.02515175262949828,0.028982069500900216,1.081854284607855,1.1020154707993968
2013-11-26,-0.002825028042240655,-0.01940587834651865,1.0787980159162196,1.0806298926370823
2013-12-09,-0.011527636916334658,0.026682876217026162,1.0663620240826752,1.1094642062987359
2013-12-16,0.02982743084470277,-0.029021161050600666,1.0981688636114186,1.0772662668878634
2013-12-23,0.043426176144677996,0.025830529857022784,1.1458581381192088,1.1050926253586737
2013-12-30,0.0034130246169679977,0.004324789653299334,1.1497689801521627,1.1098719185107624
2014-01-07,0.008047870283595576,-0.019118066012779256,1.1590221717605291,1.0886533139069436
2014-01-14,-0.004260308805835306,0.006327472641460505,1.1540843793960194,1.0955417379667252
2014-01-21,0.0054481460265082375,0.007411225068288372,1.160371999621881,1.1036610443585002
2014-01-28,-0.040476281115342204,-0.033990218347760136,1.1134044563668142,1.0661473644788377
2014-02-05,0.04455470480365454,-0.01563405358139923,1.163011863247311,1.049479159456908
2014-02-12,0.022025040567030835,0.008583323522801342,1.1886272467152712,1.0584871786129644
2014-02-19,0.023758881782866857,0.008690669468054588,1.216867700953874,1.0676861408184632
2014-02-26,0.023901254917996488,0.013360264259715123,1.2459523660758487,1.0819507098062333
2014-02-28,0.01727946333031869,0.006872352794618463,1.26748175429678,1.0893862567904096
2014-03-10,-0.012909806501749992,0.042159717489622626,1.25111881010431,1.1353144736137708
2014-03-18,-0.0025626707818376246,-0.0021896580764696337,1.2479126044850484,1.1328285231072894
2014-03-25,-0.03569983536902926,0.013375302855781143,1.2033623299499956,1.1479804476875166
2014-03-31,0.0035524441498115253,0.023928273969918253,1.2076372074191302,1.1754496383518929
2014-04-09,0.020029575341988785,0.013557964589113654,1.2318256678509205,1.1913863429249543
2014-04-16,-0.023674856533370113,-0.015972908141667776,1.2026623718904272,1.1723564383081766
2014-04-23,0.0246293321958165,0.02525643599376704,1.232283142967125,1.2019659836541878
2014-04-30,-0.011175464637409599,-0.019916269615567545,1.21851180627962,1.17802730505499
2014-05-07,-0.019955034763315727,-0.011700158646218897,1.1941963608257997,1.164244198696269
2014-05-14,0.05679901917596121,0.06702848352236353,1.2620255428242075,1.2422817217845894
2014-05-21,0.08999642699864695,0.03737731929221287,1.375603332459414,1.288714882350612
2014-05-28,0.030064468732880566,0.011903734267907362,1.4169601158369862,1.3040554018572112
2014-06-09,0.06303830658082864,0.06306290851074771,1.5062828820319247,1.386292928357479
2014-06-16,-0.007411225454624978,-0.02259267029225233,1.4951194799947438,1.3549728692986176
2014-06-23,-0.009471005963975513,-0.0030957452077864183,1.4809591944828575,1.3507782185318058
2014-06-30,0.0632136604629019,0.02256560587616658,1.5745760461623095,1.381259347437305
2014-07-08,0.009517484164442471,-0.0064114987080103065,1.5895620487473698,1.3724034049157836
2014-07-15,-0.006590432351695665,-0.013807844220860462,1.5790861475962776,1.353453472492528
2014-07-22,0.0528428821868789,0.030326254460349245,1.6625296108566403,1.3944986468995797
2014-07-30,-0.03284040095402441,-0.0029993521399377734,1.60793147183817,1.390316054398861
2014-08-08,0.018998336581879032,-0.01202300477503649,1.638479495140748,1.3736002778380136
2014-08-18,0.030333203621384825,0.036466781388685456,1.688179827296316,1.42369105888537
2014-08-25,0.012705395859807941,0.006093007737404784,1.709628820284658,1.4323656195228327
2014-09-01,0.015627184566373777,0.016739176779919304,1.736345505399238,1.4563422408415039
2014-09-09,0.05757846354563574,0.020045596947796146,1.8363216117844967,1.4855354904194629
2014-09-16,-0.014539179188071072,-0.025208870238176716,1.8096230028238343,1.4480868190072724
2014-09-23,0.030566465467694346,0.00835250536166897,1.8649367818491942,1.4601819719271927
2014-09-30,0.002634781431757891,-0.00759497586932316,1.869850482653413,1.449091925085585
2014-10-07,-0.0020268073601359933,-0.01159547120275663,1.8660606559328174,1.4322890213981079
2014-10-14,0.0027059043052059494,0.002379503071218965,1.8711100374954817,1.4356971575233979
2014-10-21,-0.034036010605184956,0.00603321818956135,1.8074249164158176,1.4443590317288695
2014-10-28,0.011786594723478237,0.013640318901248796,1.8287283013987274,1.4640605495295502
2014-11-10,0.04128139244252257,0.003355579583162447,1.904220752079516,1.4689733212180651
2014-11-17,0.039300674398108956,0.014566534131024489,1.9790579118391154,1.4903711712391525
2014-11-24,-0.02668094790468487,0.008065047796945416,1.9262547707929816,1.502391085970386
2014-12-01,-0.009038826828824516,0.002506975933031043,1.9088436874915868,1.506157544264914
2014-12-09,-0.0013332059888178653,-0.016730231375540246,1.9062988056557058,1.4809591800613466
2014-12-16,-0.0142407432457753,-0.035817719723387986,1.8791516938146346,1.4279145992281308
2014-12-23,0.022741479555130506,0.027248206951511093,1.9218863836405091,1.466822711736983
2014-12-30,0.013942394420276269,0.004587498135163359,1.9486820816321837,1.4735517581916917
2015-01-07,0.015469669133946064,-0.012710794146051583,1.9788275486822826,1.4548217451297647
2015-01-14,0.037526250331536413,0.021399709553871712,2.053085526637074,1.4859545079281984
2015-01-21,0.017057284455481117,0.04603552301039475,2.0881055904763537,1.554361200870327
2015-01-28,-0.007555869214322332,0.01999408417375624,2.072328137729019,1.585439229556949
2015-02-09,-0.04265776092448659,-0.033812076040532615,1.983927259472688,1.5318322377695262
2015-02-16,0.06291260207736758,0.036497721149609544,2.1087412856983354,1.5877406236316207
2015-02-23,-0.01502011566343766,-0.0038257839721254103,2.07706774768288,1.5816662710018385
2015-03-02,0.01859985456436999,0.021280019027498855,2.115700905710125,1.615324159343911
2015-03-10,0.04209198247289827,-0.022956426568164743,2.2047549511511706,1.57824208889615
2015-03-17,-0.005733629791060585,0.0017292801433832791,2.192113702481262,1.5809713116019297
2015-03-24,-0.03159068545013111,-0.023664917074943587,2.1228633280352542,1.5435577566150054
2015-03-31,0.024570263917187758,-0.0009449157092237179,2.1750226402652,1.5420992246426857
2015-04-08,0.08748641474830213,0.031222225407838554,2.365307573058389,1.5902469942357325
2015-04-15,-0.010848735300943537,0.0042537811387899594,2.3396469772929613,1.5970115569058299
2015-04-22,-0.059047112181939955,-0.03961684338750309,2.201497579758607,1.5337430001678591
2015-04-29,-0.0474408208378352,-0.022528106082444536,2.0970567275023515,1.4991906751568709
2015-05-12,-0.05154340075732076,-0.02779533910313706,1.988967292185862,1.4575201619606246
2015-05-19,0.06030671145416871,0.03293269949472302,2.108915368767494,1.5055202354619739
2015-05-26,0.0065523035812648485,-0.0027642299955134746,2.1227336224908537,1.5013586312682574
2015-06-02,-0.002666669627638304,-0.013228165907177973,2.117072993212191,1.4814984102076671
2015-06-09,-0.08809466401120868,-0.05075719514820934,1.9305701591879592,1.4063017062889946
2015-06-16,-0.017856807332125336,0.0021321961620469634,1.8960963398141892,1.4093002173898244
2015-06-23,0.0410942372730502,0.04307378904481663,1.9740149726950758,1.470004117654488
2015-06-30,-0.010395132594732832,-0.002206164239886003,1.9534948253099227,1.4667610471376336
2015-07-14,0.008573031691483416,-0.004594017851445859,1.9702421983564535,1.4600227207032779
2015-07-21,0.014777588202859659,0.007129375734482416,1.9993576262236619,1.4704317712600528
2015-07-28,0.013106101964976429,-0.01904445355925499,2.0255614111374025,1.4424282016802377
2015-08-04,0.04717053991023078,0.02893023725245659,2.1211082365220824,1.4841579917744814
2015-08-12,-0.03125672177143025,-0.025157847001779074,2.0548093465260227,1.4468197720909513
2015-08-19,0.019290073942449158,0.01995290884497857,2.094446770758145,1.4756880351185946
2015-08-26,-0.13367426761337375,-0.08595465804079513,1.8144731326218542,1.3488457746850828
2015-09-02,-0.01049292345294042,-0.005788112108208637,1.795434004933836,1.341038504124522
2015-09-14,0.009459020151500214,0.021397095332671243,1.8124170513671938,1.3697328328420573
2015-09-21,-0.0004813009893278338,0.009790815318942048,1.811544733247296,1.3831436340447052
2015-09-28,0.024684714286678646,-0.018489126919055483,1.856262197405043,1.357570515847569
2015-10-05,0.042341908950798535,0.04059470437215011,1.9348598823563767,1.4126806896027486
2015-10-13,-0.02804606001384024,-0.00561736115682526,1.8805946859774378,1.4047451519699772
2015-10-20,0.01408917966272449,0.016116100653912096,1.907090722380939,1.4273841662322204
2015-10-27,-0.004150337270421372,-0.005320612123756714,1.8991756526777666,1.419789608732107
2015-11-03,-0.025440830210586178,-0.01676770470208952,1.8508590473579123,1.3959829958337917
2015-11-11,-0.018655721873859017,-0.03018364972533552,1.8163299357426874,1.35384713406502
2015-11-18,0.008428635306971181,-0.011784089959985642,1.8316391183681968,1.337893277645129
2015-11-26,0.037269660502970814,0.021106253505543477,1.8999036864737402,1.3661311923264696
2015-12-03,0.021808041358864844,0.0006922602296498614,1.9413368646462192,1.3670769106194016
2015-12-14,-0.03201660753192887,-0.023831298892709973,1.879181844163576,1.3344976921531082
2015-12-21,0.039633833999736565,0.026395255203171427,1.953661025430474,1.3697220993055328
2015-12-28,0.0045807142086883535,0.01096099154351576,1.9626101882486242,1.3847356116529874
2016-01-04,-0.012201097647236082,-0.010431745936991603,1.9386641896983423,1.3702904015623187
2016-01-12,-0.01960877134817786,-0.03819905853735452,1.900649366881647,1.3179465982998648
2016-01-19,-0.1361896385189371,-0.028140099446565037,1.641800616654789,1.2808594499584445
2016-01-27,0.050898447298108454,0.002762963438925628,1.7253657188155946,1.2843984177890821
2016-02-03,-0.0001869255192635227,-0.012206843521722386,1.7250432039326857,1.268719967283583
2016-02-10,-0.050794827575652686,-0.023650692500665538,1.6374199318283735,1.2387138614679045
2016-02-17,-0.04058349639198498,-0.020125744594717436,1.5709677059328524,1.2137838226660653
2016-02-24,-0.01894722046858543,-0.011871537819448014,1.5412022344595147,1.1993743421106509
2016-03-02,0.04981821191099443,0.04733990357950418,1.617982173973517,1.2561526078219003
2016-03-15,0.008216726853173976,-0.003163847238241702,1.6312766915503618,1.2521783328628329
2016-03-22,-0.0003597854549321662,0.03144158839079822,1.630689781923772,1.2915488085965818
2016-03-29,-0.013598965719353099,-0.014848168518143462,1.608514087480491,1.2723716742371325
2016-04-04,0.049036011702199775,0.02476672465601777,1.6873892030973376,1.3038841531530798
2016-04-12,0.02145595024210904,0.001114050967831891,1.723593741878066,1.3053367465558405
2016-04-20,0.01644531942232311,0.026769292592077373,1.751938791517568,1.340279687855584
2016-04-27,-0.012497856656817904,0.006171631568648112,1.7300433116296625,1.3485514002879715
2016-05-04,-0.024035104147215068,-0.029913379112248076,1.6884615404554506,1.3082116709988043
2016-05-11,0.001685951678781399,0.011871417279933755,1.6913082050241395,1.3237419976357105
2016-05-18,-0.005564560338750763,0.004330350371606276,1.6818968184658585,1.3294742642870832
2016-05-25,-0.028607154495456373,0.0008004168208350283,1.633782536334589,1.3305383978510859
2016-06-01,0.01637271459949125,0.028459977213909995,1.6605319915196282,1.3684054903361602
2016-06-13,8.27148594300612e-07,-0.009951337666980488,1.6605333650263308,1.354788025236475
2016-06-20,0.0059555362306907365,0.015644458854999602,1.6704227316440157,1.3759829507545331
2016-06-27,0.014455365449760059,-0.01271167994427762,1.6945693026855164,1.3584918958757588
2016-07-04,0.03472457268235776,0.03941237855872548,1.7534124976019119,1.4120332927449748
2016-07-12,0.011464229966453833,0.016076966002444064,1.7735140217004743,1.4347345039867547
2016-07-19,-0.01259096290179364,-0.0019534916055476636,1.7511837724474328,1.431931762177027
2016-07-26,0.03425514330610499,0.012788721406480758,1.8111708235279451,1.4502443385566
2016-08-02,0.040821053511855325,0.00562585969738647,1.8851047246342905,1.4584032097322484
2016-08-10,-0.0076086431452494835,-0.0060847771305256645,1.8707616354931245,1.4495291512345843
2016-08-17,0.010799956799252861,0.009165865054280586,1.8909657803381499,1.4628153398270463
2016-08-24,0.015778563461502994,0.005766847774282768,1.920802503906746,1.4712511732137146
2016-08-31,0.027804963708502335,0.014161832102409197,1.9742103478190733,1.4920867853092399
2016-09-14,-0.013956141048901237,-0.011338319541693188,1.94665798974471,1.475169028553466
2016-09-21,0.022647532327737037,0.004882432631818925,1.990744989498501,1.482371441955924
2016-09-28,0.02302424306142039,0.0031034344674773415,2.0365803860100193,1.4869718845824942
2016-10-03,0.004892369034781975,0.0023020778581361394,2.046544088827379,1.4903950096336627
2016-10-13,-0.022616803423231503,-0.018814644340396265,2.000257803473394,1.462353757600704
2016-10-20,0.038926208310211596,0.016236764240026395,2.0781202554055254,1.4860976507983832
2016-10-27,-0.0048192589959941984,-0.011493871703719497,2.0681052556699044,1.4690166350609075
2016-11-02,-0.0005101647990743028,-0.008152009822668626,2.067050181167681,1.4570411970222275
2016-11-09,-0.04933381602189247,-0.025035144715512825,1.965074707821935,1.420563959798312
2016-11-16,-0.10300267432507734,-0.044063774155047565,1.7626667576677058,1.357968550300959
2016-11-23,-0.010067240723804858,-0.006560240181290791,1.7449215671024163,1.3490599504523455
2016-11-30,0.05358037008678088,0.028586372981337132,1.8384151104401696,1.3876246813701605
2016-12-13,0.005333492538123142,0.0054515744632269506,1.8482202837136752,1.3951894206476614
2016-12-20,-0.04653206179782544,-0.019480934233217652,1.762218783255916,1.3680098273011434
2016-12-27,-0.02272143190374436,-0.01101605361821635,1.7221786491726676,1.352939757693347
2017-01-03,0.06291726719667169,0.028798302107728338,1.8305334234030677,1.3919021255689568
2017-01-10,0.030383299218620565,0.016127653511896257,1.886151068136009,1.4143502407726047
2017-01-17,0.02063400404768689,0.01562631446117605,1.9250699169104764,1.4364513223931576
2017-01-24,0.017570089747275905,0.009884519544704724,1.9588935681203745,1.45064995356437
2017-01-31,-0.0007451291228291689,0.008755681624004672,1.9574339394742453,1.4633513827056568
2017-02-13,-0.015453943857387948,0.0021219845482734583,1.9271838652690645,1.4664565917284527
2017-02-20,0.0004862211446142648,0.008509299261172625,1.9281209028139175,1.4789351097209893
2017-02-27,0.01790755035169187,0.00190461332449276,1.9626488249652072,1.481751909237024
2017-03-06,0.024230844583825118,0.005047687017452752,2.010205463615566,1.4892313291123656
2017-03-14,-0.01871240710004795,0.00991139036571608,1.9725896806256509,1.5039916821600523
2017-03-21,0.023040988032751158,0.009386585669344623,2.0180400958504747,1.5181090289306294
2017-03-28,0.01062407567946306,0.00036666160926522855,2.039479906552981,1.5186656612302172
2017-04-05,0.03543110858096823,0.0231291313304938,2.111740940570763,1.553791078755922
2017-04-13,0.009310774759710146,-0.004528862216172785,2.1314028848192756,1.5467541730475178
2017-04-20,0.024523083051336735,0.0022623028253925754,2.1836714547795575,1.550253399383391
2017-04-27,0.0135419842254145,0.0197318649154792,2.2132426991736702,1.5808427900447863
2017-05-04,0.01444302956724659,0.005302717034370186,2.2452086289173283,1.5892255520362182
2017-05-15,0.021686177620149672,0.01635034897376746,2.293898622038322,1.6152099444100387
2017-05-22,-0.03597518206938793,-0.013919988504783688,2.2113752014617756,1.5927262405510387
2017-05-29,0.00872459755664926,0.00782630342256583,2.2306685601412837,1.6051913993786737
2017-06-05,0.05324996706329047,0.016416651605518404,2.3494515874979247,1.631543267342448
2017-06-13,0.0031189555158990558,-0.005846916032610388,2.356779422486089,1.622003770854726
2017-06-20,0.0004886713182574761,0.005470980019029496,2.3579311129933176,1.6308777210758627
2017-06-27,-0.02978008448177469,-0.019931393423231605,2.2877117252461714,1.5983720555919163
2017-07-04,0.0524487452197425,0.015110735622473084,2.407699334659825,1.6225246331503147
2017-07-12,0.03619359926344787,0.01972824666840872,2.494842639525373,1.6545341993386735
2017-07-19,0.004724405216354241,0.008927843456991397,2.5066292871055293,1.669305621664608
2017-07-26,0.008532131181507105,0.009997517937232716,2.5280161770065215,1.6859945345599234
2017-08-02,0.007505210488084984,0.004354907843977753,2.5469894705322393,1.6933368853833821
2017-08-14,-0.04980890686373736,-0.02825417953662467,2.420126709211579,1.6454930410077713
2017-08-21,0.017608053435083884,-0.003758122109699744,2.4627404296270505,1.6393090772290029
2017-08-28,0.037093718864005996,0.018826239217806278,2.5540926307586576,1.6701711020688372
2017-09-04,0.013002737252785234,0.0035468764418196915,2.587302826155687,1.6760949926045732
2017-09-12,0.052285723167972455,0.019219305284879015,2.7225818254757765,1.7083083739538976
2017-09-19,0.05143964228952573,0.006872388408046697,2.862630460682215,1.7200485326204273
2017-09-26,-0.042143902931586735,-0.03319462674895966,2.74198804041822,1.6629521635899964
2017-10-03,0.03535080159252843,0.0009012548240241342,2.8389195156041303,1.6644509072495532
2017-10-11,0.07149480035043221,0.012039872004420034,3.041887499583193,1.684490683130479
2017-10-18,0.03904103579612479,0.021865474728174333,3.160645938342205,1.7213228715923135
2017-10-25,0.009759383898892714,0.008959725754481255,3.1914918954229625,1.736745452456697
2017-11-01,0.04280753453589436,0.018720043242527785,3.328111794957308,1.76925740242795
2017-11-13,0.016378153822584233,-0.01856974595593384,3.3826201218738756,1.7364027419342074
2017-11-20,0.012726946757460802,0.00874763967872093,3.42567054806568,1.751592167457791
2017-11-27,0.029954290499084393,0.011525993516628688,3.528284078816597,1.7717810074236873
2017-12-04,-0.019188369084911585,-0.022460210412732627,3.4605820616758467,1.731986433191668
2017-12-12,0.004623523303577836,0.011494125899618254,3.4765821434819486,1.7518941033112037
2017-12-19,0.03108260445559994,0.022273794572161932,3.5846433711051997,1.790915432680539
2017-12-26,0.03085146007907519,0.011740888525658449,3.6952348529665735,1.8119423711345226
2018-01-02,-0.007692310367720932,-0.005543617712122572,3.6668099595959354,1.801897655312556
2018-01-10,0.03751829358217743,0.01851293684661401,3.8043824121701078,1.8352560728094192
2018-01-17,-0.012775738401267974,0.005814798662596307,3.7557786176938377,1.8459277173671131
2018-01-24,-0.0001501932619795759,0.017271281977164255,3.755214525051973,1.8778092554832237
2018-01-31,-0.05993913877444709,-0.015831295223211115,3.530130200507063,1.8480811027867905
2018-02-12,0.12529562051079232,0.010146360438919392,3.9724400544634832,1.8668323997760208
2018-02-19,-0.03072000740159811,-0.020163770464622477,3.8504066665879604,1.8291900197710167
2018-02-26,0.03256978028017422,0.018853814704228613,3.975813565708049,1.8636772294626036
2018-03-05,-0.02935596652778105,-0.021060470498732865,3.8590997157524254,1.8244273101523463
2018-03-13,-0.03976946738097369,-0.003650131372090485,3.7056253754868846,1.8177679107914606
2018-03-20,-0.01612416963119962,-0.02592843337446346,3.6458752433428563,1.7706360366262666
2018-03-27,-0.0009921890158230261,0.0064626784523201895,3.6422578459733503,1.782079087987073
2018-04-03,0.03610984120364228,0.010776222140541985,3.773779198414168,1.8012831681112362
2018-04-11,-0.009120521254031835,0.013766404920103274,3.739360365027008,1.8260803615792218
2018-04-18,0.018238912562169668,0.008747840123065589,3.8075622317631783,1.8420546206341868
2018-04-25,0.04081437472795992,0.0041185188367198295,3.962965503490388,1.8496411572875355
2018-05-02,-0.0007038955888366284,0.010112353541997472,3.9601759895537696,1.8683453825958567
2018-05-14,-0.0037136664268909844,0.001947352134618052,3.945469216936784,1.8719837089648586
2018-05-21,-0.03875597214090707,-0.02995223616739173,3.7925587218823757,1.8159136108124332
2018-05-28,0.04067449041808094,0.021830777169079947,3.9468191152755896,1.8555564162083789
2018-06-04,-0.043115047775356775,-0.014144431133864405,3.776651820559791,1.829310626264319
2018-06-12,0.0348981151181927,0.022862373524107502,3.9084498505550185,1.8711330090935931
2018-06-19,-0.029220176423812024,-0.016188228776587606,3.794244256378179,1.8408426798709612
2018-06-26,-0.009482954339199014,-0.0002923818290108536,3.758263611343177,1.8403044509212994
2018-07-03,0.005389292091216528,-0.008925669966853662,3.778517991700496,1.823878500753844
2018-07-11,0.02511115385615119,0.020248285801633483,3.8734009383383228,1.8608089139045627
2018-07-18,-0.007816323877616181,-0.007994221045027769,3.843125182096408,1.8459331961242516
2018-07-25,0.0430556754449657,0.01945617640554292,4.008593532631126,1.8818479980208929
2018-08-01,0.023056200828558318,0.02135472333040573,4.1010164701595295,1.9220343413685068
2018-08-13,0.01517353989927828,-0.006844560091740686,4.1632434071970925,1.9088788618206207
2018-08-20,0.023231429754628708,0.018976854968156164,4.259961503962813,1.9451033791331696
2018-08-27,0.041010049839626396,0.01209888462613372,4.434662737555218,1.9686369605032044
2018-09-03,0.017543381403070293,-0.0037303691207775675,4.5124617173541335,1.9612932179757216
2018-09-11,-0.026489127793108604,-0.03280982583308161,4.392930542261629,1.8969435290863341
2018-09-18,-0.008437091228552166,-0.0013375524351781872,4.355866986515875,1.8944062676496092
2018-09-25,-0.07414771972979342,-0.030320243896083555,4.0328893820194365,1.8369674075762037
2018-10-03,-0.04974211921529539,-0.026511955370914737,3.832284917596927,1.7882658096487183
2018-10-11,-0.06904407715290091,-0.04441246360319961,3.567688342074466,1.7088445194648483
2018-10-19,0.02616783945352149,0.008761791351452235,3.6610470378300706,1.7238170585964718
2018-10-26,-0.057959037667137954,-0.02585453640640457,3.4488562746633136,1.6792485676970081
2018-11-02,0.05732863118333239,0.05728117853218089,3.6465744840378083,1.7754379047031696
2018-11-12,-0.018852903327767432,-0.0050537664598365945,3.57782596781274,1.7664652561688583
2018-11-19,-0.0032372106690093873,0.021841578011682704,3.5662437914178775,1.8050476448663975
2018-11-26,-0.02521859893610442,-0.012123387920797547,3.4763081195337375,1.78316435205216
2018-12-03,0.016666229569154728,0.020563569272056315,3.534245068707003,1.8198325757290459
2018-12-11,-0.03538870151996129,-0.030689738307105714,3.409172724872136,1.7639823902171752
2018-12-18,0.05275897287402678,0.03755730541596251,3.5890371761865367,1.8302328155949412
2018-12-26,-0.03365765813151961,-0.014780955286656784,3.468238589889136,1.8031802261834604
2019-01-02,0.013460826027948299,0.006823937976265404,3.5149239461710504,1.8154850162069645
2019-01-09,-0.004774188307094711,-0.004607566223540574,3.4981430373669133,1.8071200487669452
2019-01-16,0.01302025105479799,0.0034292162652218602,3.5436897379390246,1.8133170542313852
2019-01-23,-0.022910406835525067,-0.009815749965879583,3.4625023643439663,1.7955179874181848
2019-01-30,-0.04328415798297344,-0.020283718442801538,3.312630864989283,1.7590982061024087
2019-02-11,-0.0025370842145117033,-0.008606965174129393,3.3042264415132143,1.743957709104612
2019-02-18,-0.014668772494256155,-0.023731062823751058,3.2557574955731514,1.7025717391478854
2019-02-25,0.036167296700921475,0.026215538560829758,3.3735094429017947,1.7472055742280959
2019-03-05,0.028107268965172266,0.021121234214729764,3.468329580169984,1.784108712382649
2019-03-13,0.011614747100077033,0.025885277578757762,3.5086133511033744,1.8302908616333537
2019-03-20,-0.003803364479440181,0.010872728234702785,3.495268815711698,1.850191116762353
2019-03-27,0.006937420877963226,-0.005359572909033887,3.5195169665679096,1.8402748825764184
2019-04-03,0.007256411929456922,0.01648108779389172,3.545056031470039,1.870604614481054
2019-04-10,-0.003948043325089099,-0.012255769911776895,3.5310599966679264,1.847678914730066
2019-04-18,0.0024336685641871535,0.01202853594791618,3.539653426380076,1.8699037869761035
2019-04-25,-0.002063858781391711,-0.011284873751116828,3.5323480815729584,1.8488021588133428
2019-05-02,-0.0042359379879228255,0.0009035393818545123,3.517385274147657,1.8504726243730885
2019-05-13,-0.029480317765991484,-0.04033546535078759,3.413691638560365,1.7758329499501069
2019-05-20,0.06933517386834447,0.05589004306792055,3.650380541852862,1.8750843300042508
2019-05-27,0.01659977957023231,0.01375117608742853,3.710976054195085,1.9008689448049172
2019-06-03,0.026924677848977823,0.012004201980642407,3.8108928889595584,1.9236873595570858
2019-06-11,-0.014905518890940377,-0.009385734491816492,3.7540895530118212,1.9056321407550196
2019-06-18,-0.020330221664785476,-0.02587938929740645,3.6777680802496353,1.8563155447267705
2019-06-25,0.00519356867770336,0.008532825202720034,3.696868821355077,1.8721551607910163
2019-07-02,0.013698635312077902,0.01162688093347244,3.7475108791354113,1.8939224859345196
2019-07-10,-0.06353722259518171,-0.037156158293940804,3.5094044462299196,1.8235516022506828
2019-07-17,0.02211193685175741,0.015239199582983158,3.5870041757322326,1.8513410690672498
2019-07-24,-0.06115805811942947,-0.04012217931858306,3.3676299658781645,1.7770612307142764
2019-07-31,-0.011343042426626739,-0.012608550889967195,3.3294307962980287,1.7546550637522278
2019-08-13,-0.004099825298343603,0.0026164724988440974,3.3157807116902815,1.759246070471493
2019-08-20,0.0007445528555776665,0.007570218557721428,3.3182494856876397,1.7725639477217745
2019-08-27,0.011468857597356032,0.007239824056087745,3.3563060165114913,1.7853969988314446
2019-09-03,0.012374097225601677,-0.024373077669095806,3.397837273478676,1.7418813791087553
2019-09-11,0.03287176317804078,0.02459440261400763,3.5095301756499873,1.784721911052399
2019-09-18,-0.02237022796673538,-0.015246557184295205,3.43102118556456,1.757511046377474
2019-09-25,0.041085936823612154,0.05254176194284543,3.57198790523514,1.8498537733881604
2019-10-03,-0.010373048842124939,-0.01559799446712649,3.5349355002306564,1.8209997644658587
2019-10-10,-0.0033077400384751354,-0.010252901277811227,3.5232428525431163,1.8023292336538728
2019-10-17,0.030194840673246556,0.030534141724506872,3.6296266091288105,1.8573618099084819
2019-10-24,0.02156191076854264,0.0049675220956234304,3.7078882941979745,1.8665882957387692
2019-10-31,0.021252296635954383,0.02670156235927376,3.7866894361192522,1.9164291195165284
2019-11-11,-0.0201245014719487,-0.004200580275759328,3.710484198988258,1.9083790051571965
2019-11-18,0.013736017171580989,-0.0028104807727017227,3.7614514736604407,1.9030155426561746
2019-11-25,0.02384607181041721,0.01380241193140671,3.851147315612747,1.9292817470877843
2019-12-02,0.004195851366953364,-0.00041317887584732505,3.8673061573412997,1.9284846086243297
2019-12-10,-0.02520749926843389,-0.022349015512366628,3.769821040209309,1.885384876190824
2019-12-17,0.025712173206041314,0.024589907664089118,3.866751331750949,1.9317463162076267
2019-12-24,0.009765177568609824,0.003768556708895449,3.9045108451191557,1.939026211747455
2019-12-31,0.015292115977806466,0.00042053423047298816,3.964219077799321,1.9398416386432793
2020-01-08,0.011172190226716108,-0.010684030531574719,4.008508087436872,1.9191163113495946
2020-01-15,0.040820885855443134,0.030110700353342304,4.1721389385247525,1.9769022475438538
2020-01-22,0.0010256909341463277,-0.013884138573715734,4.176418263609997,1.9494546627922649
2020-01-29,0.024004327204065968,0.006263194933145599,4.276670374150728,1.9616644773586622
2020-02-10,0.03023725145010997,0.010233725075927638,4.40598513162316,1.9817396123111641
2020-02-17,-0.015341166783217895,-0.005494864589041404,4.3383921788745505,1.970850221490775
2020-02-24,0.004041798073745292,-0.013426347184308894,4.355927084026277,1.9443889021687677
2020-03-02,-0.05659425816864268,-0.05937570453567271,4.109406622069111,1.828939441211154
2020-03-11,-0.0643416805405594,-0.0684599087705645,3.8450004939806806,1.703730413918951
2020-03-18,-0.18038903939720466,-0.1865271146024912,3.151404548389728,1.3859384957501413
2020-03-25,-0.11564799522333215,-0.04087411116103589,2.786950930230766,1.329289491612491
2020-04-01,0.07783550224877844,0.005643961927424126,3.003874655627978,1.3367919508936772
2020-04-15,0.06851161086191962,0.062320098358284566,3.209674947112345,1.4201009567579344
2020-04-22,0.017965288043608037,0.02579533927440819,3.267337682063571,1.4567329427414168
2020-04-29,0.028282310676619498,0.03496243595529475,3.3597455414731185,1.5076638749559816
2020-05-04,-0.00966651503184598,-0.025688708767249806,3.327268510693291,1.468933936753334
2020-05-12,-0.0247250223716068,-0.023830229086897314,3.2450017223300565,1.433928904526984
2020-05-19,0.002789914972685172,-0.031432408355382954,3.254055001221574,1.388857065647305
2020-05-26,0.04026824076361805,0.019218889422746927,3.38509007146882,1.4155493560159813
2020-06-02,0.046077468288071875,0.09602666846252271,3.5410664518891912,1.5514798447184652
2020-06-10,0.010875978609312425,0.0062791205591147346,3.579579014874092,1.5612217737084892
2020-06-17,0.01331553354326119,-0.01843645812608904,3.6272430193174015,1.5324383738519742
2020-06-24,0.04378130086998006,0.043707657439085085,3.7860484372746717,1.599417665342805
2020-07-01,0.0016798787317963252,0.006885390613505959,3.7924085395220004,1.610430280722832
2020-07-13,0.03084154963049726,0.005943976315190245,3.9093722957127897,1.6200026401687135
2020-07-20,0.03383477679554816,0.017081342962577215,4.041645034748932,1.6476744608657157
2020-07-27,-0.0022577622605149538,0.004429555597600391,4.032519961119077,1.6549729264968667
2020-08-03,0.031804589325340665,-0.010288202639364466,4.160772602428708,1.637946229666405
2020-08-11,0.06949569955596198,0.03456915222341624,4.449928405127771,1.6945686422135133
2020-08-18,0.0031879805569877072,0.009799806264126496,4.4641146903633055,1.7111750866084696
2020-08-25,0.06934434027866421,0.013557804530992772,4.773675778494843,1.734374863951012
2020-09-01,-0.05206351725474075,-0.00704577122275679,4.525141427232638,1.7221548554451132
2020-09-09,0.024163866138198528,-0.01770524390308363,4.6344863389367035,1.6916636836905778
2020-09-16,0.08324832247584832,0.03684527781963782,5.020299552190419,1.753993502093549
2020-09-23,-0.0675973233071646,-0.045486633791850466,4.68094074026219,1.6742102419905345
2020-09-30,0.024855630708327695,0.016031584614464276,4.797288474669712,1.7010504851474084
2020-10-13,-0.017106150521024148,0.01499064387838617,4.7152253359292375,1.7265503271894094
2020-10-20,-0.00699395642056545,-0.0003543385936353319,4.682247255416603,1.7259385437746324
2020-10-27,-0.010923418497532098,0.0015719716428644068,4.631101109136766,1.7286516702227728
2020-11-03,-0.01885436335980653,-0.005334263410030468,4.543784646069099,1.7194305868696154
2020-11-10,-0.005986995262138867,0.06429396858627895,4.516581028920904,1.8299796030080975
2020-11-17,0.04232034840164593,0.02483201869704937,4.707724311649101,1.8754216907252137
2020-11-24,0.056036476221131344,0.019916381603952905,4.971528593094468,1.9127733047860276
2020-12-01,0.024890430734730656,0.009460945069687641,5.095272081186619,1.930869947953373
2020-12-09,0.015487090960568904,0.029932066781807782,5.174183023376803,1.988664876182499
2020-12-16,0.010584942867627015,0.012422637999499126,5.228951455065892,2.013369340041633
2020-12-23,-0.02210407494203666,-0.008352399713783543,5.113370320234844,1.9965528745421288
2020-12-30,0.015155046725668727,0.025308336785280043,5.190863686363651,2.04708230710066
2021-01-12,0.025260350208301027,0.035264775576084345,5.321986720964749,2.119272205246338
2021-01-19,-0.016611075620707773,-0.006344151563024792,5.233582797090401,2.1058272211729494
2021-01-27,-0.024327349212896938,-0.03634664096112036,5.106263600750973,2.029287475238822
2021-02-03,0.037142146614087664,0.054363500153728136,5.295921192060245,2.1396066452109266
2021-02-09,0.044456812920091765,0.042988835484872125,5.531360969735217,2.2315858432842384
2021-02-16,0.029108382929104285,0.01713017323189268,5.692369942961371,2.2698132953615366
2021-02-23,-0.00411506332112707,-0.030322917325574038,5.668945480198805,2.2009859344618
2021-03-02,0.030457715668877526,0.020850151259407756,5.841608609777068,2.2468768241151573
2021-03-15,0.019714393501974913,-0.007686175592228129,5.956772380594738,2.2296069343109
2021-03-22,-0.009411338518873418,-0.013712865153495304,5.900711179241085,2.1990326350753966
2021-03-30,-0.02799097611227858,0.00399559107192058,5.7355445135774925,2.2078190702389655
2021-04-05,0.051433522412654344,-0.007208647147619796,6.030543770865357,2.191903681595827
2021-04-13,0.0029143515049567604,-0.015192287489797732,6.0481188951796865,2.1586036507150768
2021-04-20,-0.0003007501867808432,-0.01077404055240558,6.046299922292288,2.135346767445702
2021-04-27,0.06486197577805057,0.025478208935414807,6.43847488139884,2.1897515785362462
2021-05-04,0.02621090614493932,-0.005023235497530732,6.607233142231735,2.178751940676169
2021-05-12,0.008382644067544883,0.011545117528651042,6.66261922593435,2.2039058878970517
2021-05-19,0.03316871850001203,0.02161836663888429,6.883609767512134,2.2515507334192058
2021-05-26,0.012199929955258733,0.016644546803029178,6.967589324515116,2.2890267749809965
2021-06-02,0.017018333948863543,0.01935540845632837,7.086166086458252,2.333331823178226
2021-06-14,-0.021241461783882167,0.007436394853613342,6.935645560338506,2.350683399939881
2021-06-21,-0.042750034543031556,-0.00723394679858193,6.639146473055812,2.333678681284406
2021-06-28,-0.002974118158028927,0.005718596027080573,6.619400866976482,2.3470240469196817
2021-07-05,0.000621890791170642,0.0038941701981445964,6.623517411418722,2.3561637580175248
2021-07-13,0.0175342250836171,0.003660022902759063,6.739655656555794,2.3647873713345198
2021-07-20,0.009532939692058354,-0.009777053823323318,6.803904387474979,2.341666717924267
2021-07-27,0.046890212229673135,0.008499066362369877,7.122940908194085,2.3615686987584583
2021-08-03,0.0044566626590282505,0.024165521700476953,7.154685452962099,2.418637238395473
2021-08-11,-0.05828940036432021,-0.008679780397984005,6.737643128113613,2.397643998303814
2021-08-18,0.03618143890726209,0.015782020747231843,6.98142075133239,2.4354836656295205
2021-08-25,-0.0058615733333406885,-0.0001383415333207224,6.940498641627549,2.43514673708484
2021-09-01,0.06961046462198572,0.03247928137594369,7.4236299767795035,2.5142385531503297
2021-09-13,0.029741254999021575,0.0016962241308959946,7.644418048937283,2.518503265255012
2021-09-20,-0.004303723238380989,-0.0017135508544189229,7.611518589336172,2.5141876818329774
2021-09-27,0.008645303533543345,0.02443556409867296,7.677322477892192,2.5756232760885007
2021-10-04,0.01765413303950115,-0.0005201115277123742,7.8128589503040535,2.574283664731563
2021-10-12,0.003698630227028469,0.020476229710801656,7.841755826577159,2.6269952883913708
2021-10-19,0.00518452598837443,0.017824039685051623,7.8824116134545354,2.673818956664102
2021-10-26,-0.04886399553711676,-0.016385484060325535,7.497245487552976,2.630007138769486
2021-11-02,0.013695694445892678,-0.011935753387979729,7.599925470936348,2.5986160221525076
2021-11-10,0.04873992472185461,0.009981975181712269,7.970345266281491,2.624555342792434
2021-11-17,0.015100506467665736,-0.0042619401975375224,8.090701516524504,2.613369644876325
2021-11-24,-0.004770567563072868,-0.026428425844147067,8.052104278307269,2.544302399013366
2021-12-01,-0.01420794975773574,-0.017399395208187902,7.93770038527703,2.500033076043792
2021-12-13,0.03881144364448428,0.012637593479539534,8.24577399644701,2.531627477744236
2021-12-20,-0.04474435362117859,-0.05068622732628569,7.8768221688696665,2.4033088319018203
2021-12-27,0.06125834958116344,0.02985168558182464,8.359343294878942,2.475051651507776
2022-01-03,0.05666272715544192,0.032388169151796625,8.833006483195339,2.5552140430562433
2022-01-11,0.02117059493253356,0.017669337981377223,9.02000648548751,2.6003629835977655
2022-01-18,-0.00422263011416245,0.0027397613091616905,8.981918334471949,2.6074873574900033
2022-01-25,-0.05681426431108099,-0.04757562720331852,8.471617252196715,2.4834345110326925
2022-02-01,0.005540135277149452,0.01914753037310716,8.518551157790117,2.5309861487623135
2022-02-09,-0.018389910543238158,-0.013266965649795452,8.36189576404036,2.497407642466576
2022-02-16,-0.025855667046861715,-0.01508022921682038,8.14569337128477,2.4597461627703407
2022-02-23,-0.04374221363517612,-0.01913129906219778,7.789382711631393,2.412688023313288
2022-03-02,-0.016861193833100904,-0.021172610369512644,7.658044419890371,2.361605119852486
2022-03-14,0.06491228127092434,0.057364055977491335,8.155145553259528,2.4970763681444343
2022-03-21,0.013117784605451027,0.01584391913514115,8.26212299605329,2.536639844195587
2022-03-28,0.011461632553043092,0.005033436398935788,8.3568204139421,2.5494078595183516
2022-04-04,0.04939129083664492,0.04826636957995621,8.769574561476725,2.6724585214759093
2022-04-12,0.02212604839495392,-0.017388008203174262,8.963610592627116,2.6259897907818432
2022-04-19,-0.03696610613046155,-0.028886163260730582,8.632260812147933,2.550135020964307
2022-04-26,0.01734039324642297,0.011659134969595987,8.781947609236264,2.5798673893644235
2022-05-04,-0.05390821038199791,-0.033896371074649205,8.308528529953872,2.492419247011141
2022-05-12,-0.123146482901633,-0.07405369907475852,7.285362463402177,2.3078463821248416
2022-05-19,0.05626960732839753,0.0,7.695306948462864,2.3078463821248416
2022-05-26,-0.033259608808947023,0.019108445814225453,7.439364049692217,2.3519457396652306
2022-06-02,0.07221055222250945,0.03245752429395422,7.976564635904776,2.428284075648477
2022-06-13,-0.032363453844576964,-0.04454366774910272,7.718415454472387,2.320119396582354
2022-06-20,-0.11826592640363251,-0.0347434951441838,6.805589900381095,2.2395103395932683
2022-06-27,0.10269822552054213,0.03812906588421514,7.504511906770757,2.3249007768800007
2022-07-04,-0.02082150815736729,0.0020900662350171904,7.34825665088687,2.329759973493523
2022-07-12,0.035811387053784546,0.018121363258520366,7.611407913982327,2.3719784002783597
2022-07-19,0.013544434826104772,0.01978735757311849,7.714500132408158,2.418913585040381
2022-07-26,-0.006721270558098591,0.006390708564474713,7.662648889797756,2.434372156805023
2022-08-02,0.055557403416818356,0.05198547532254469,8.088365765409685,2.5609241504885003
2022-08-16,0.04093965632888141,0.02480785481469556,8.419500680107847,2.6244551850052664
2022-08-23,-0.007823323854266342,-0.012434148097248127,8.353632199596147,2.59182232056032
2022-08-30,0.027464499738524262,0.015542891222954791,8.583060528957683,2.6321067329580154
2022-09-05,0.0262829599377997,-0.001999993474735785,8.808648764983987,2.6268425366672914
2022-09-13,0.02925348763755145,0.021549223237044786,9.066332462733978,2.6834489528985
2022-09-20,-0.01384959351121449,-0.012731455629760335,8.940767443487584,2.649284741619946
2022-09-27,-0.06308013846334443,-0.04803058754326832,8.376782595183826,2.5220380389105244
2022-10-04,0.011459463627208882,0.016194414454788048,8.472776030646372,2.562880968183382
2022-10-06,0.017863502098952426,0.0058299589731253924,8.624129483053776,2.5778224590808954
2022-10-13,-0.010580284345647199,-0.022122939147810446,8.532883740889389,2.5207934496847897
2022-10-20,0.008625190468861017,0.025919363488863166,8.606481488403206,2.586130811387515
2022-10-27,-0.0001448224400771316,0.008744648328160853,8.605235076753576,2.6087456158637203
2022-11-03,0.024353285285140577,0.015773160371943568,8.814800821523454,2.6498937788323436
2022-11-14,-0.0034685704420646126,0.00251426082333234,8.784226063941231,2.656556302946454
2022-11-21,-0.016767847528673337,-0.012549360391560583,8.636933500643666,2.623218220500307
2022-11-28,0.016517587693929213,0.021396032043898682,8.779594807147182,2.6793446816042703
2022-12-05,0.023422077410030672,0.011577850352720557,8.985231156348886,2.7103657333712423
2022-12-13,0.013678665912014163,2.5150747291556026e-05,9.108137131478802,2.71043390109487
2022-12-20,0.003091753267165545,-0.011210663648652851,9.136297244212843,2.6800481382877894
2022-12-27,-0.06476735130580931,-0.019575612671847004,8.544563470962611,2.6275845539907627
2023-01-03,0.016205968441898075,0.009044417852753305,8.683036396922827,2.651349526640496
2023-01-11,-0.030153209492823935,-0.016821787363098042,8.421214981412597,2.606749088678099
2023-01-18,0.005307738722930241,0.010783362252350282,8.465912590263562,2.6348586084022987
2023-01-25,-0.018598728732800704,-0.019034872481225346,8.308457378521648,2.584704410785302
2023-02-01,-0.047694078493373745,-0.02137497157583574,7.912193160151587,2.529456427472829
2023-02-13,-0.03443773925493064,-0.002603852899045453,7.6397151151676415,2.5228700950211445
2023-02-20,-0.003932223447828446,0.0025603167678936705,7.60967404825705,2.5293294416286445
2023-02-27,-0.051642365124831856,-0.026103429694115526,7.2166924825760015,2.463305268375835
2023-03-06,0.052717433002120624,0.022840528707032192,7.59713798502311,2.5195684630723565
2023-03-15,-0.051902057449851234,-0.035221752868336204,7.202830892869994,2.4308248453311685
2023-03-22,0.008776233841966604,0.009755382219646287,7.266044621109962,2.4545384708063867
2023-03-29,0.004914091116883375,-0.00791147994467494,7.301750626437437,2.435119438921169
2023-04-05,0.023066432502153945,0.02535969217042154,7.470175964409717,2.4968733182904197
2023-04-18,0.026248839400857933,0.0028509591272766685,7.6662594135956565,2.5039918020668535
2023-04-25,0.04585156463093958,0.003940390682687838,8.017769402575688,2.5138585080332443
2023-05-02,0.014922735277240903,0.023071471077916732,8.137416452884286,2.571856921895308
2023-05-09,-0.0017524340761456822,0.007832949365227219,8.123156167000463,2.592002146939123
2023-05-16,-0.020450764443155335,0.001917511438780271,7.957031413694172,2.5969723407052214
2023-05-23,-0.022337649396930285,0.003379076192197488,7.779290035734711,2.6057477081134937
2023-05-30,0.006736551517916264,0.016384953119220363,7.831695623833251,2.6484427621514492
2023-06-06,0.0576158730669329,0.004997009389567289,8.282925604794881,2.6616770555016513
2023-06-14,0.025207001038470726,0.009144639014198503,8.49171331911652,2.686017131346589
2023-06-21,0.03040776561890173,0.009755005735495814,8.749927347427121,2.712219243868515
2023-06-28,0.011850833926772355,0.002232012289921464,8.853621283292805,2.718272950553791
2023-07-05,0.03648467356940055,0.019659400879758187,9.176642765720839,2.771712568189331
2023-07-17,0.04717576112740339,0.01511049341491723,9.609557872787999,2.8135945126989994
2023-07-24,0.03609443820724983,-0.00040896038122206947,9.956409465626336,2.8124438640144818
2023-07-31,0.02041420079820465,0.01149411656581759,10.159661607686777,2.8447704216222824
2023-08-07,-0.007721771418559442,-0.006017351544639279,10.081211023062306,2.8276524379315897
2023-08-16,0.009355416266026529,-0.008168622015848732,10.17552494864871,2.8045544139739333
2023-08-23,0.023204912848227843,0.005767502024856078,10.411647118267071,2.820729687235347
2023-08-30,0.008182156268317597,0.0011032285659503976,10.49683684199931,2.8238415968031294
2023-09-06,0.04964203550096116,0.01860162237498477,11.017921189157637,2.876369631833635
2023-09-13,-0.019838099995631138,0.014620069236201924,10.799346566863145,2.9184223549999517
2023-09-20,0.006566186896924179,-0.0044161068081647456,10.870257094785826,2.9055342901689363
2023-09-27,0.01972862356131712,-0.00617501511517621,11.084712305023594,2.88759257200948
2023-10-04,-0.0003656753688953197,-0.012599760114406977,11.080658898762355,2.851209598294017
2023-10-16,0.029444012909361307,0.012958271453947177,11.406917962421744,2.88815634624081
2023-10-23,-0.047058262818712636,-0.028994423043753194,10.870128218994608,2.8044159193214035
2023-10-30,0.024444199956022504,-0.003706620402991478,11.135839806727315,2.794021014056373
2023-11-06,0.023415762921400917,0.019808511776347636,11.39659399157234,2.849366412216671
2023-11-15,0.047285615797200864,0.019667624713532384,11.935488956454517,2.9054066814834925
2023-11-22,0.010378691304081903,0.006833999217502889,12.059363711896838,2.925262228471278
2023-11-29,0.00833288687847569,0.015679867481293523,12.15985302553447,2.971129952561741
2023-12-06,0.02599407541172934,0.04333644249082621,12.475937162075759,3.099888154883704
2023-12-13,0.029297195307211983,0.003972747593998085,12.841447129753599,3.1122032280926817
2023-12-20,-0.015348961457186058,0.0014932178578189953,12.644344252704519,3.116850425530032
2023-12-27,0.040882830662882,0.02755671758225081,13.161280837631022,3.2027405924524817
2024-01-03,0.027446996453490774,0.0036378805977110747,13.522518466104875,3.2143917803132664
2024-01-15,0.026428120427699774,0.012708800162965944,13.879893212612888,3.255242843094748
2024-01-23,-0.014820175996837133,-0.03415042581170742,13.674190752384659,3.1440749138825494
2024-01-30,0.06033495415014324,0.01914721356627591,14.4992224244701,3.2042751877270295
2024-02-05,-0.00696178567589274,0.01426878237680208,14.39828194548384,3.2499962930560935
2024-02-13,-0.0559626169022904,-0.007042041439126208,13.592516408917563,3.227109684483386
2024-02-20,0.0742721829271329,0.024718317334667818,14.602062274080744,3.3068784057382263
2024-02-27,-0.0058617763861949475,0.0010334502439335773,14.51646825025279,3.310295900033295
2024-03-05,-0.0034332093173515365,0.00439317296486208,14.466630176200985,3.324838602487015
2024-03-13,-0.13857774968164596,-0.03546854863455051,12.46187712090646,3.2069114028126733
2024-03-20,0.04937348744697215,-0.0007253274153402931,13.077163454501244,3.204585342053646
2024-03-27,0.059566658340957805,0.02321459042738787,13.856126382064378,3.2789784782590323
2024-04-03,0.06465459616393758,0.025781817819771277,14.75198863769323,3.3635165040204575
2024-04-15,-0.042044250158626714,-0.015768845356216754,14.131752337072838,3.310477732415476
2024-04-22,0.013286899654601727,0.00469266923029963,14.319519512319209,3.3260127094079737
2024-04-29,0.059967110892702756,0.02028447351985566,15.178219726844675,3.393479126138663
2024-05-06,-0.021247168933766842,-0.006061775326073494,14.855725528194574,3.37290861810229
2024-05-14,-0.025820320110560725,-0.01088165039559853,14.472145939581962,3.3362058057037998
2024-05-21,0.05071274040730789,0.024359643779189616,15.206068119752656,3.4174745907048085
2024-05-28,7.677396620616752e-05,0.009425302003761488,15.20723554991261,3.449685320812383
2024-06-04,-0.07336737539966659,-0.04972565558612919,14.091520590531015,3.278147456669141
2024-06-12,0.098170384030476,0.06758139591410137,15.474890578476804,3.4996892378031026
2024-06-19,0.02484090158558048,0.012019061106190793,15.859300812384372,3.5417522166049364
2024-06-26,-3.4989635239587034e-05,0.009534351110691062,15.858745901233792,3.5755205257851164
2024-07-03,0.013140119841966912,0.0184696569920845,16.067131722919306,3.6415591634645255
2024-07-15,-0.01657740148855247,0.007837824341546765,15.800780429579016,3.67010106451711
2024-07-22,-0.037930056734920725,-0.011512353591255312,15.201455931429058,3.6278495633467465
2024-07-29,0.019793163899636035,0.019681684548210395,15.502340840192927,3.6992517540409
2024-08-05,-0.0739618017290503,-0.036408597002675874,14.355759780634418,3.564567187716583
2024-08-13,0.016018549712167367,0.00038992023157290054,14.585718232336445,3.5659570845798747
2024-08-20,0.01352913611573485,0.02530410732059647,14.78305039964748,3.656190445348725
2024-08-27,0.013305685324332421,0.013938793875521632,14.979749016398937,3.707153330336092
2024-09-03,0.00019065079627757957,0.00777806255917755,14.982604917476953,3.7359878008559093
2024-09-16,0.04914786527384063,0.021973875243307413,15.718967965412293,3.8180819307024354
2024-09-23,-0.010390020657632755,0.017147720729967206,15.555647563534993,3.883553333374255
2024-09-30,-0.0252704155081368,-0.005496488810133228,15.162549886106328,3.862207425933808
2024-10-07,-0.05478225746347717,-0.043854041212281196,14.331911174442835,3.692834022306528
2024-10-15,0.07202448430645149,0.024185336048879836,15.36415968590795,3.782146454108748
2024-10-22,-0.06878623277176957,-0.03881284310131995,14.307317021410448,3.6353505971992117
2024-10-29,-0.010543410735580867,-0.0008503382724545827,14.15646910152955,3.6322593194526225
2024-11-05,0.023945667989147445,-0.005053728770061954,14.495455210533402,3.613902866029579
2024-11-13,-0.06870143106076504,-0.03806699967518501,13.499596693692535,3.476332426802281
2024-11-21,0.01060065949084713,-0.004293872447803996,13.642701321506136,3.461405498775427
2024-11-28,0.03398729677984506,0.03178153005038759,14.10637986019895,3.571414261651335
2024-12-05,0.03235898598405888,0.03391614681303268,14.56284800838094,3.6925428720796605
2024-12-16,-0.011987378147356068,0.0027072402036977883,14.388277642402006,3.7025394725968326
2024-12-23,-0.0303303960782293,-0.0402591591032205,13.951875482624422,3.5534783468836024
2024-12-30,0.02246168736546219,-0.002460702382173977,14.265258147876988,3.5447342942504223
2025-01-06,-0.02317543593071323,-0.005892969363268574,13.93465457163578,3.5238452836534773
2025-01-14,-0.07637282816847156,-0.03577945206401798,12.870425592449234,3.3977640302459817
2025-01-21,-0.019476646065152602,-0.0022275447429245102,12.619752868477217,3.390195358842709
2025-01-28,-0.12187004587987982,-0.023722542597465646,11.081783007403153,3.309771305028833
2025-02-04,0.04931156221717319,0.03836127074397547,11.628243039649925,3.4367383381616854
2025-02-12,-0.055935531252607876,-0.04082311436527717,10.977811087692666,3.296439975939378
2025-02-19,0.0010872724516411865,-0.008437022458071864,10.989746959267634,3.2686278378306914
2025-02-27,-0.035431605251336824,-0.020061307819761832,10.600362583194784,3.2030548886277277
2025-03-06,-0.0050169699027784904,0.0064753353957928425,10.547180883156356,3.2237957433227264
2025-03-17,-0.018121013600325073,-0.00717643057604748,10.356055274927591,3.200660396979414
2025-03-24,0.10595327703895926,0.06160200706811311,11.45331326850277,3.3978275013767694
2025-04-01,0.010298751632500089,-0.021698757086279597,11.571268097224298,3.3240988678033148
2025-04-07,-0.07655787497529132,-0.045800457980850195,10.685396400931422,3.1718536172842975
2025-04-15,0.07777112990559382,0.041571015315637366,11.516411752521025,3.303710792587383
2025-04-22,0.043887229281621,0.0378652593588165,12.02183515560547,3.4288066585952253
2025-04-29,-0.03576635933238644,0.0012338607616430043,11.591857879595368,3.4330373285905265
2025-05-06,-0.04588740867855545,-0.0070458204446375294,11.059937559730642,3.4088487639935394
2025-05-14,0.04785136156695307,0.034136453890278015,11.589170630809239,3.525214772644536
2025-05-21,-0.009497302240760954,0.010273561634703058,11.479104774608693,3.561431283886866
2025-05-28,-0.0018407535093348559,0.0021446813003587663,11.457974572210809,3.5690694189639305
2025-06-04,0.033367910244730174,0.0012489354416708556,11.84030323932274,3.5735269562550585
2025-06-16,-0.007916742008478802,-0.00916397989587566,11.746566613274865,3.5407792270705674
2025-06-23,0.006106003372425825,-0.004050651546543492,11.818291188629946,3.526436764218465
2025-06-30,0.033187073537030695,0.02676781949003329,12.21050568738905,3.620831786966082
2025-07-07,-0.016727806016220256,-0.0027945734464712157,12.006250716890452,3.610713106600088
2025-07-15,-0.002618272615438777,-0.0038847777881616057,11.974815079424326,3.5966862885241437
2025-07-22,-0.013102480243774736,-0.005469281402524185,11.817915301423314,3.5770149990956046
2025-07-29,-0.018222307317449955,-0.01344502141855601,11.602565616949184,3.528921955818268
2025-08-05,-0.03002850634836978,-0.009077533918508587,11.254157901663248,3.4968880470685577
2025-08-13,-0.013469582446138948,-0.004798849503782771,11.102569093944929,3.480107007599099
2025-08-20,0.02037214398225128,0.019607368017587504,11.328752230099669,3.5483427464376796
2025-08-28,-0.03910705490323617,-0.025990411849726593,10.885718094652002,3.4561198570737743
2025-09-04,0.013138568701865324,0.01233272630885494,11.028740849707726,3.498743237361664
2025-09-15,0.005551855464565056,0.014111423679060634,11.089970824861448,3.5481154855283226
2025-09-22,-0.024531448046434427,0.007133057803181972,10.817917781734884,3.5734243983789615
2025-09-29,-0.014791904325102388,-0.027472633219924433,10.657900176910639,3.475253020543167
2025-10-06,0.032251721661092275,0.01893434656604716,11.001635806908066,3.5410546656388338
2025-10-14,-0.04934475476797326,-0.00031477253372482725,10.458762785969634,3.5399400388896725
2025-10-21,0.009442354494186905,0.024808003778459823,10.557518131765368,3.627758884749969
2025-10-28,-0.008757653178800702,0.0022454459746118786,10.465059049538468,3.6359048213345933
2025-11-04,-0.014673342207794758,-0.005757468225788442,10.31150165687981,3.6149712148537683
2025-11-06,-0.006246871442390668,-0.006855202329839528,10.247087031651285,3.5901898557594
