Date,Mean Return,Index Return,Strategy Wealth,Index Wealth
2013-04-09,-0.019136592446848972,-0.03246016648924102,0.980863407553151,0.967539833510759
2013-04-16,0.03075936187070997,0.03308021139589828,1.0110341400518161,0.9995462557372472
2013-04-23,0.020985572801653682,0.02634657354866864,1.0322512706028308,1.0258808746793249
2013-04-30,0.01673080641198908,0.016382008709853055,1.0495216667798166,1.0426868641035931
2013-05-07,0.028973823822118182,0.020955027030645862,1.079930322650591,1.0645363955253833
2013-05-14,0.003204773720003355,-0.007868981458712438,1.0833912549680564,1.0561595783668696
2013-05-21,0.009028771613500488,0.01883705943587964,1.0931729471772267,1.0760545191183397
2013-05-28,-0.013315991613511302,-0.001540732091016721,1.0786162653804974,1.0743966073890505
2013-06-04,0.03809007801080852,-0.02683386394646219,1.1197008430725675,1.0455663950018321
2013-06-11,-0.030122342323552462,-0.026255174255574873,1.0859728309775654,1.0181148671052858
2013-06-18,0.0031282463343538167,0.0032911088637105072,1.0893700215052788,1.0214655939686914
2013-06-25,-0.02121359792099936,-0.04156771625292583,1.0662605638818754,0.9790056019964745
2013-07-01,0.024523306462487432,0.052675674712110945,1.0924087984588153,1.030575382628575
2013-07-09,-0.0012505217946538506,-0.0052076265436286845,1.091042717447671,1.0252085309107881
2013-07-16,0.004115877654312051,0.013095745587859184,1.0955333157883136,1.0386344010060986
2013-07-23,-0.0013636178089181709,0.015686802551630085,1.0940394270486415,1.0549272537780119
2013-07-30,-0.046854098819260115,-0.05818211947965869,1.0427791956215378,0.9935493502563514
2013-08-06,-0.037100521278343124,-0.03948340781926306,1.0040915438857674,0.954320636071616
2013-08-13,0.0005900548150851097,0.03403553764425722,1.0046840129360233,0.9868014520053229
2013-08-20,-0.0474080388225168,-0.053394274376417326,0.9570539142463903,0.9341119045219036
2013-08-27,-0.054964206671599763,-0.020118276752629415,0.9044502051078882,0.9153191827088062
2013-09-03,-0.06665195619391677,0.008117038140529805,0.8441668296574583,0.9227488634256121
2013-09-10,0.03549090384846163,0.09569187632615951,0.8741270734408918,1.0110484335446401
2013-09-17,0.03932743524973138,-0.005204460966542814,0.9085042493216757,1.0057864714369729
2013-09-24,0.02311950485596296,0.009750756074668956,0.9295084177255312,1.0155936499831568
2013-09-30,0.004868325333589675,-0.022205009036922282,0.9340335671033293,0.99304238380744
2013-10-08,0.01150170315399616,0.03002333783712653,0.9447765439280199,1.0228568307830763
2013-10-15,-0.014474159429081881,0.023764906303236796,0.9311016976063488,1.047164927528262
2013-10-22,0.00895885038567677,0.020650636492220712,0.9394432984090537,1.0687895497940507
2013-10-29,-0.017798895248321463,0.0007825746706663741,0.9227222455489333,1.0696259574239926
2013-11-05,0.01720895571887125,0.01195751335853,0.9386013318134024,1.0824160240985203
2013-11-12,-0.002917042481356002,-0.03631797546604855,0.9358633918554454,1.0431048654912525
2013-11-19,-0.01399178688768811,0.029584711503123914,0.9227689907206151,1.0739648220043159
2013-11-26,-0.014124436534577284,-0.020849220385183262,0.9097353986751059,1.0515734927444138
2013-12-03,0.01586516605018168,0.0242427255252867,0.9241685018368146,1.0770665002986837
2013-12-10,-0.004646439374554593,0.017149051139764764,0.919874408921157,1.0955371687932332
2013-12-17,0.014853921857739153,-0.026816815383881337,0.933538151510206,1.0661583507915249
2013-12-24,0.06272850138153219,0.025643540083353705,0.992097600736927,1.0934984251952495
2013-12-30,0.015673661765018415,0.004445931733435406,1.0076474029687639,1.0983600445442867
2014-01-07,-0.01979112759762834,-0.020881780646386027,0.9877049246431903,1.0754243310233582
2014-01-14,0.014480628830509074,0.007238298353610292,1.0020075130510142,1.083208573188037
2014-01-21,0.007741426831883261,0.007988322291910504,1.009764480898296,1.0918615923800237
2014-01-28,-0.01301384685836959,-0.03372109677111342,0.9966235605808644,1.0550428219627148
2014-02-04,-0.013545381918125153,-0.015694993412384745,0.9831239138241948,1.038483931822226
2014-02-11,0.005759500588613816,0.010273227700905274,0.9887862165845456,1.0491525137175672
2014-02-18,-0.0016465221659890147,0.007634852022987273,0.9871581581615146,1.057162637909346
2014-02-25,0.03721954266140387,0.012442063048551957,1.02389973334276,1.0703159221027876
2014-03-04,0.011656300426627058,0.016753518725953463,1.0358346162413465,1.0882474799464228
2014-03-11,0.061441244758703425,0.032268365505899545,1.0994775844273688,1.123363447390208
2014-03-18,-0.0022465221480071347,0.001995297902617173,1.0970075836827153,1.1256048921206627
2014-03-25,0.004519981235901688,0.012302990074250137,1.101966037376603,1.1394531979359506
2014-03-31,0.06461532792495084,0.022827777608344233,1.1731699342438509,1.165464382133549
2014-04-09,-0.0022933495993724858,0.011704418863720785,1.170479445445157,1.1791054654327877
2014-04-16,0.003419281374013566,-0.016810300530001616,1.1744816440116332,1.159284348202295
2014-04-23,0.02158312318981683,0.0246983633974435,1.199830626018515,1.1879167743151637
2014-04-30,-0.028149047371757052,-0.0201684590947509,1.1660565368886349,1.16395832344442
2014-05-07,-0.008461060360543587,-0.004863321336149174,1.1561904621462136,1.1582976200956243
2014-05-14,0.03838331510063541,0.06837440779542975,1.200568884971121,1.2374955339205183
2014-05-21,-0.03167319742967517,0.031600593123128955,1.1625430296495056,1.2766011267796298
2014-05-28,0.010901398280481455,0.010549867787646645,1.1752163742339126,1.2900690998847155
2014-06-04,-0.007426335917754808,0.016263435449458533,1.1664888226628056,1.3110500554160318
2014-06-11,0.035288243671933735,0.02956360995576677,1.2076521644775178,1.3498094278868378
2014-06-18,0.006783660015870865,-0.011298638007540905,1.2158444661787637,1.3345584197819784
2014-06-25,0.002799223755455757,0.0039951746591778995,1.2192478868914307,1.339890213761884
2014-06-30,0.015655179053538557,0.00904381080347799,1.2383354308713648,1.3520079273525782
2014-07-08,0.007061215086270957,-0.005388908043775277,1.2470795836976976,1.3447220809576201
2014-07-15,-0.0053646812981505785,-0.013070217109402106,1.240389399177729,1.327146271407697
2014-07-22,0.03226862380128645,0.02950474183350898,1.280415058066899,1.3663033795208852
2014-07-30,-0.0038135655036967944,-0.0006697246547127364,1.275532111371041,1.3653883324618028
2014-08-06,0.006550109195574792,-0.01082393404481304,1.2838869859829833,1.350609459205679
2014-08-13,-0.006072833631066538,0.002006954031804446,1.2760901539160172,1.353320070305225
2014-08-20,0.03279063567641959,0.022989092300822838,1.3179339612433436,1.384431670314028
2014-08-27,-0.0019780002214107523,0.005761532417972966,1.3153270875761995,1.3924081182630108
2014-09-03,0.014376467871157806,0.025071606591526335,1.3342368451908022,1.4273180268189485
2014-09-10,0.00642436370822827,0.001221710152290448,1.342808467957227,1.4290617957428604
2014-09-17,-0.015698723219417177,-0.015270864543565521,1.3217280894820769,1.4072387866356866
2014-09-24,0.01953654716369848,-0.0007974677332286401,1.3475500926398287,1.4061165591103968
2014-09-29,0.0011173768088478132,-0.004579890229976816,1.3490558138621052,1.3996766996191183
2014-10-07,0.0025624555457924654,-0.012230677999604665,1.3525127094139195,1.3825577046025275
2014-10-14,0.011261896400167773,0.002376366410686145,1.3677445674272495,1.3858431682925803
2014-10-21,0.007747054812854489,0.008035536035136822,1.3783405595610922,1.3969791610104434
2014-10-28,0.00446970157566226,0.01307124820517892,1.3845013305319618,1.4152394223614735
2014-11-05,0.040791836772309104,0.038756659009823655,1.4409776828180663,1.4700893740711969
2014-11-12,0.016083778486046522,0.00956290580596585,1.4641540486718487,1.484147700281791
2014-11-19,0.022608361399492842,0.0025399340549232883,1.4972561725487523,1.4879173375682728
2014-11-26,0.008345272578993184,0.005671319162783045,1.5097511834292516,1.496355791677461
2014-12-03,0.035597315805482505,0.015334835615646933,1.5634942730934838,1.519302161765356
2014-12-10,-0.01819283916890766,-0.021431335503403186,1.5350498732415858,1.486741487405517
2014-12-17,-0.04971856776296938,-0.0430919177938799,1.4587293920992865,1.4226749454494876
2014-12-24,0.03283413806505421,0.02289909327369517,1.5066255143590273,1.4552529117234847
2014-12-29,0.014308214284238424,0.01032581572756024,1.528182635064577,1.470279585126937
2015-01-06,-0.0035812481684172606,-0.0124800413261953,1.522709833801745,1.4519304351434916
2015-01-13,0.013418361800481551,0.021756446684816855,1.5431421052688479,1.483519282245754
2015-01-20,0.05609232066734429,0.04310996823476025,1.6297005270728688,1.5474737513790227
2015-01-27,0.031964081621762994,0.02267758343744435,1.6817924077392563,1.5825667164931756
2015-02-03,-0.02091493110031298,-0.01412506408088917,1.6466178354063603,1.560212860210427
2015-02-10,-0.027162074023594655,-0.02449494390724223,1.6018922798724817,1.5219955337162145
2015-02-18,0.03651809545388152,0.037948555096855976,1.660390335055701,1.579753065084613
2015-02-25,-0.003783557018820303,-0.011593347756725296,1.6541081535495197,1.5614384384313345
2015-03-04,0.02950371723193565,0.018693965088384373,1.702910492782884,1.5906279140870312
2015-03-11,-0.024131137024232766,-0.0221817076876329,1.6618173263415366,1.5553450706569634
2015-03-18,-0.012530137468549342,0.0011542217881558685,1.64099452679486,1.5571402838256165
2015-03-25,-0.019368673828777095,-0.021173288400141897,1.609210639050562,1.524170503516698
2015-03-30,0.016251057194786776,-0.0020838524088880425,1.635362013184232,1.5209943571413884
2015-04-07,0.00165082541923806,0.01903632152742473,1.6380617103652526,1.5499484947653306
2015-04-15,0.009659862613214642,0.01089800443458972,1.6538851614393484,1.5668398403346688
2015-04-22,-0.04756185764827743,-0.03954684535494539,1.5752233108243716,1.5048762674729865
2015-04-29,0.008742804741181462,-0.022174771915000595,1.5889951806546665,1.4715059794814755
2015-05-06,-0.014974499652831708,-0.01557774274537276,1.565200772873602,1.4485832378848353
2015-05-13,-0.007743587155520032,0.016571570918494313,1.5530805042729678,1.472588537742786
2015-05-20,0.015962373615605183,0.024422973698336146,1.5778713555372854,1.5085535288685494
2015-05-27,0.016544818128931056,-0.008793612101468342,1.6039769501455,1.495287894301378
2015-06-03,-0.005426555956184256,-0.026051781794780324,1.5952728794731057,1.456332980358662
2015-06-10,0.006173963325631216,-0.0019468567113460448,1.6051220357253468,1.453497708721896
2015-06-17,-0.00811076693013893,-0.0016432785179757473,1.5921032649991484,1.4511092071612264
2015-06-24,0.031061183737521245,0.030646078059871296,1.6415558770423944,1.4955800131972874
2015-06-29,0.009969966160398804,-0.005859644285123397,1.657922133586911,1.486816446320011
2015-07-07,0.04593879659814102,0.02849183965971612,1.734085081257316,1.5291785821119896
2015-07-14,0.008538693078176061,-0.005304503208550222,1.7488919015376163,1.5210670494167302
2015-07-21,0.0064571836950039155,0.0070162356370539,1.7601848178085493,1.5317392142551964
2015-07-28,0.012652894541243666,-0.02047570963760799,1.782456250681379,1.500375766863569
2015-08-04,0.03244979691891423,0.02724929843651562,1.8402965940328389,1.5412599539017504
2015-08-11,-0.02039335032143952,-0.005485928370723753,1.8027667808953751,1.5328047121939805
2015-08-18,0.001405698523629055,0.0008857296618530402,1.8053009274977272,1.5341623627933987
2015-08-25,-0.07486469763570451,-0.07378656002509221,1.670147619419153,1.4209617995229062
2015-09-01,-0.004662856567783995,-0.008780417009336796,1.6623599606227755,1.4084851623687573
2015-09-08,-0.00419634393521923,-0.016959906293467275,1.6553841264838647,1.384597385999244
2015-09-15,0.018235091260692567,0.021062953033462395,1.6855702071017997,1.413761095710801
2015-09-22,0.012223001989701231,-0.003014647784598465,1.706172935096986,1.409499103955665
2015-09-28,-0.003613008323406289,-0.0017557335674312088,1.7000085180813103,1.407024399065586
2015-10-06,0.024378718682437517,0.05675289127808045,1.741452547501362,1.4868771018113616
2015-10-13,-0.005818598979822918,-0.004281930719060882,1.7313197334850605,1.4805103970736473
2015-10-20,0.01808449799031921,0.01593588151203393,1.7626297817258711,1.5041036353387471
2015-10-27,0.00026838538847628966,-0.0051786579317664476,1.7631028458045797,1.4963143971174013
2015-11-03,0.002841114382972466,-0.017796482441190455,1.7681120226584548,1.469685264222601
2015-11-10,-0.009700804203561914,-0.033027219717179264,1.7509599141166814,1.4211456460860206
2015-11-17,-0.000181142511335523,0.006030273437499956,1.7506427408405905,1.4297155429264319
2015-11-24,0.016920896472829378,0.0033974810105079235,1.7802651854192644,1.4345729743339526
2015-12-01,0.008910248079186786,0.015515031320289393,1.7961277898680894,1.4568304189619845
2015-12-08,-0.015730319128388744,-0.03040118127582565,1.7678741265380968,1.4125410533069842
2015-12-15,0.011445181428535203,-0.0018422086853998822,1.7881077666591385,1.4099388579100982
2015-12-22,0.014172979598302295,0.014051234097005283,1.8134505815555644,1.4297502388650574
2015-12-28,0.009655092073247896,0.016222578140166824,1.8309596138907682,1.452944473835968
2016-01-05,-0.011124744848632307,-0.01191626409017709,1.810590655358083,1.4356308037773753
2016-01-12,-0.02331094586454269,-0.03627649814090492,1.7683840746081838,1.3835511455931195
2016-01-19,-0.015150458439943316,-0.02242236725081735,1.7415922451799748,1.3525286536963415
2016-01-27,0.0005203005239726306,0.0012429364052228722,1.7424983965376888,1.3542097607991277
2016-02-03,0.005184157616248718,-0.011646062095267347,1.751531782871401,1.338438549834844
2016-02-10,-0.029316223865212973,-0.018542497539752397,1.7001834850177076,1.3136205563174217
2016-02-17,-0.014981428866669973,-0.018193572220170002,1.6747123070766277,1.2897211058561608
2016-02-24,-0.010007956666174914,-0.012120886356612041,1.657951858879095,1.2740885429003543
2016-03-02,0.03692101174869765,0.048901584710603276,1.719165118939545,1.3363934917098053
2016-03-09,0.024400251507161165,0.021981584749059785,1.7611131802240083,1.3657695385059163
2016-03-16,-0.005431070420557819,-0.006217879576169025,1.7515484505236392,1.3572773479866866
2016-03-23,0.04081093618148843,0.030185788163187083,1.8230307825567442,1.398247834491705
2016-03-28,-0.0019224382811123977,-0.013758227047930689,1.819526118392711,1.3790104233154907
2016-04-05,0.010848421223859204,0.0029060624740530594,1.8392651041528485,1.383017913758016
2016-04-12,0.02407226539143915,0.01614400401404915,1.8835403818652288,1.4053453605092274
2016-04-20,0.01764859024560719,0.02661498389028102,1.9167822142758226,1.4427486046394615
2016-04-27,0.009699374744882576,0.007419164772795682,1.9353738032764096,1.4534525942630028
2016-05-04,-0.006933324790358866,-0.031391740272141325,1.921955228107542,1.4078261879260285
2016-05-11,0.013504722352702928,0.01703019100431309,1.9479106998374602,1.4318017368072828
2016-05-18,0.007441391718628258,0.0034774390539425806,1.962405866387858,1.436780740084359
2016-05-25,0.013529996303429086,0.0028978857508542726,1.9889572105059132,1.4409443665181516
2016-06-01,0.013101753638032702,0.02925631177837441,2.0150160378745503,1.483101084160299
2016-06-08,-0.00741980975482301,0.011790990653768449,2.000065002220604,1.500588315182227
2016-06-15,-0.0016337505153094585,-0.006728557059782504,1.9967973949925737,1.4904915210802805
2016-06-22,0.008009145345773797,0.0006168887854273727,2.0127900355551316,1.4914109885844096
2016-06-27,-0.01643823480518707,-0.010852875488553796,1.9797033203371357,1.4752248908230419
2016-07-05,0.013739906663484753,0.034000657925654355,2.006904259179959,1.525383507699327
2016-07-12,0.013016935690422556,0.02152028178616062,2.0330280028585395,1.5582101906169785
2016-07-19,0.013403936255021533,-0.0011567894643174537,2.060278580613529,1.5564076694852809
2016-07-26,0.008701257873491085,0.011692650334075724,2.0782055958346777,1.574606200141846
2016-08-02,0.00665203801650131,0.005591634562465523,2.092029898464276,1.5834108225928316
2016-08-09,0.020878331293834634,0.007662164233017361,2.13570799176102,1.5955431763638752
2016-08-16,-0.03356987382113542,-0.0033783049816418506,2.064012543958812,1.5901529449027405
2016-08-23,0.003277835585032191,0.0012098488233946117,2.070778037723353,1.5920767895721486
2016-08-30,0.014625287947892716,0.014043414835942434,2.1010637628012296,1.6144349843787857
2016-09-06,0.0005971268397231737,0.02150341392193081,2.102318364365968,1.6491508480979287
2016-09-14,0.0014895710035607679,-0.022480058013052896,2.105449916841781,1.612077841360412
2016-09-21,0.015634345012908654,0.004601556788371314,2.138367247249085,1.619495909094707
2016-09-26,0.0065819261877987706,-0.0019049657534245797,2.152441822632885,1.6164108248500704
2016-10-04,0.005773062883258649,0.007193552524691016,2.1648680046275004,1.6280385610201087
2016-10-13,-0.016145317234529926,-0.020874677647008767,2.1299155239219054,1.594053780861914
2016-10-20,-0.007132955856987968,0.015477661442413915,2.114722930510657,1.6187260056030945
2016-10-27,-0.014530932080559448,-0.01209307289998925,2.083994035238205,1.599150634012228
2016-11-03,0.01849133075609776,-0.015060989444342561,2.122529858237529,1.575065843193456
2016-11-10,0.0030313687315241854,0.002040301438083473,2.128964028881517,1.5782794522983998
2016-11-17,-0.03271626572238318,-0.05707780052326787,2.059312275999234,1.4881947325501395
2016-11-24,-0.02360627900743855,-0.010344227085389257,2.0106995758485526,1.4728005082893607
2016-12-01,0.024237474602078733,0.029081225658110794,2.0594338557505925,1.5156313522203038
2016-12-08,0.01530522330347341,0.007740273360464355,2.0909539507915884,1.5273627532001792
2016-12-15,-0.013777870385961751,-0.014196511391144995,2.062145058274567,1.5056795304759623
2016-12-22,-0.0102997758891372,-0.024464410708343456,2.040905426323447,1.4688439680472525
2016-12-26,-0.009471553733364883,-0.012668352643651206,2.0215748809133087,1.45023613468153
2017-01-03,0.04166200534178348,0.04223055406772591,2.1057977444007343,1.5114804101781683
2017-01-10,0.02186656557123384,0.01418407318159505,2.151844308858429,1.5329193589286827
2017-01-17,0.004387018725938582,0.015393277405551572,2.1612844901366954,1.5565160118610122
2017-01-24,-0.0008396599304053894,0.00987002617220423,2.159469746152121,1.5718788656355354
2017-01-31,0.01608688400887035,0.009004853835848103,2.194208885479135,1.5860334050682419
2017-02-07,0.01921199732321395,0.0283842319496745,2.2363640207135322,1.631051745117631
2017-02-14,-2.7985454793714635e-05,0.001545137051539884,2.236301435049328,1.6335719436019909
2017-02-21,0.027198060051274366,0.01593473942262979,2.297124495772551,1.6596024868514072
2017-02-28,0.029471844704389207,-0.0029122982193376602,2.364824992178608,1.6547692294841414
2017-03-07,0.011692912041714847,0.0034841024785111866,2.3924766828062016,1.6605346150579512
2017-03-14,0.027248640587749492,0.013493004012557548,2.4576684200505587,1.6829402152819188
2017-03-21,0.00689550499757978,0.00828751948797892,2.4746152849234115,1.6968876151131713
2017-03-27,-0.004778763549103598,-0.00644938151041663,2.462789683601765,1.6859437395030055
2017-04-05,0.035286270493317215,0.022438218405458604,2.5496923465454877,1.7237733133492894
2017-04-12,-0.0043914598070653454,-0.0028030764012888527,2.538495475085251,1.7189414450534686
2017-04-19,-0.014191919534892105,-0.008662945401436525,2.5024693515631533,1.704050349166704
2017-04-26,0.03400323976926614,0.026700302724520723,2.5875614169395953,1.7495490093472803
2017-05-03,-0.014007835644117676,-0.001572543392369233,2.551315281892045,1.746797767613005
2017-05-10,0.003701915980761324,0.01074951272813172,2.560760036706042,1.765574992449433
2017-05-17,-0.0014907187005322635,0.009661271158378693,2.5569426638317485,1.7826326912019397
2017-05-24,-0.008041643279737675,-0.030259477187228778,2.5363806430424716,1.7286911579493063
2017-05-31,0.033124972277369706,0.029433121462604465,2.6203981815281105,1.7795719347725585
2017-06-07,0.015569178420292236,0.008019943570517527,2.661195628348531,1.793844001269111
2017-06-14,0.005494240154913651,-0.002636069093767374,2.6758168762298844,1.7891153045383257
2017-06-21,0.006420556116473793,0.0022201505089044895,2.692997108641126,1.7930874097921854
2017-06-27,-0.01229411744605899,-0.01697385834020599,2.659889085905595,1.7626517981067658
2017-07-05,0.020608940508354365,0.01802311405861406,2.714706581835844,1.794420272509665
2017-07-12,0.008225627897038528,0.01678434227795721,2.737036748027667,1.8245384365539725
2017-07-19,0.0016580079791271045,0.009629245771894354,2.741574776795061,1.8421073655798184
2017-07-26,0.0027343301769952744,0.010302640051513165,2.749071147439741,1.8610859347036284
2017-08-02,0.007205176295671701,0.005292764707512334,2.7688786897063893,1.8709362246564751
2017-08-09,-0.009069155876896915,-0.01612547549479023,2.743767297265224,1.8407664884134618
2017-08-16,0.004293516319569593,6.537229522135317e-05,2.755547706933134,1.8408868235437759
2017-08-23,0.004001814270591583,-0.00646209588555,2.7665748970700346,1.8289908363755905
2017-08-30,0.003969861852643974,0.007810590822790793,2.7775578172163953,1.8432763354171542
2017-09-06,0.02011013256884219,0.006481697365353229,2.833414873138241,1.8552238947840454
2017-09-13,0.013029827330564361,0.01590066716085993,2.8703337796910855,1.8847231924438808
2017-09-20,0.0058723552236712336,0.007369842022693209,2.8871893992559343,1.8986133046286984
2017-09-25,-0.01764312595672593,-0.03174459454565213,2.8362503530239382,1.8383425950742796
2017-10-03,0.006882519647097559,0.0008694351476169317,2.855770901802713,1.8399409147397983
2017-10-10,0.0012850287283071914,0.018214255690787322,2.8594406494529934,1.8734540690168102
2017-10-17,0.011200479309755092,0.019411241273656336,2.891467755284664,1.9098201379656086
2017-10-24,-0.005180435718509511,-0.0020967379077614645,2.876488692446269,1.90581574568533
2017-10-31,0.009456997808794715,0.017052627781985946,2.903691639707756,1.93831491221755
2017-11-07,0.018508051171228074,0.0014807196119983267,2.9574333131609345,1.9411850131222994
2017-11-14,0.012430358065793125,-0.013324479858344401,2.99419526819923,1.9153197325136313
2017-11-21,0.027174048164622315,0.014626048723585625,3.07555967463156,1.9433332922426207
2017-11-28,0.012190980941187403,0.0061817377846561695,3.1130537640084777,1.9553464690834574
2017-12-05,-0.0023378189970064216,-0.02212280485875498,3.105776007780276,1.9120887207166686
2017-12-12,0.014733704225887706,0.011163342531256362,3.151535592870769,1.9334340220561803
2017-12-19,0.03722461288462674,0.0221335300758229,3.268850285307506,1.9762277421329801
2017-12-26,-0.006854383041032885,0.009670490220803792,3.2464443333482187,1.9953388331873583
2018-01-03,-0.013110922002139565,-0.005483673803190251,3.203880454909402,1.9843970458993205
2018-01-10,0.02999614559442742,0.019337638280560187,3.2999845195020043,2.022770598177934
2018-01-17,-0.007951591176556671,0.007905910326086988,3.273744391713959,2.038762441137374
2018-01-24,0.010968924822913756,0.02057443277080814,3.3096538478361044,2.0807088219182037
2018-01-31,-0.00021530430811741302,-0.012787597104009613,3.3089412651042878,2.0541015558127556
2018-02-07,-0.03959995497890285,-0.05086800909820706,3.177907339978324,1.949613499183031
2018-02-14,0.013525512387070745,0.009762028528382946,3.220890165070164,1.9686456817813764
2018-02-21,-0.007235708372143803,-0.015243130993202882,3.19758474313701,1.9386373577747797
2018-02-28,0.008722712950708108,0.009994506565540151,3.2254763569869582,1.9580130815752614
2018-03-07,-0.03414158498816777,-0.03434511799280639,3.115353481817562,1.8907648912571007
2018-03-14,0.020536704527363083,0.025019305019304987,3.179332575771941,1.9380705147912551
2018-03-21,-0.014182667030915665,-0.02221946485389385,3.134241160469224,1.8950076251034829
2018-03-26,0.0021043245814343324,-0.0023023512989250967,3.1408366211873426,1.8906446518363529
2018-04-03,0.012556647094748054,0.010576992557265566,3.180274998221853,1.9106419862472601
2018-04-10,0.023205239843940566,0.016070359214536714,3.254074042325279,1.9413466892966298
2018-04-17,0.029040018421838364,0.01275498983999085,3.3485724124604315,1.966108546594508
2018-04-24,-0.002287811112123539,0.006627233325516088,3.340911511285454,1.9791384066760813
2018-05-02,0.000685285172645207,0.006549087959687269,3.3432009884072573,1.992099958185798
2018-05-09,0.00897322125304183,-0.0024945779362724103,3.373200270569624,1.9871305095832588
2018-05-16,0.01392267308573666,-0.007064161839775934,3.420164235189483,1.973093098066806
2018-05-23,-0.013450677275249472,-0.02815475160117702,3.374160709833599,1.9175411520047383
2018-05-30,0.014432897592948909,0.020340734011951484,3.4228596258207786,1.9565453465346376
2018-06-06,0.004906676470157777,-0.0005935184296201562,3.439654490607446,1.9553841008130817
2018-06-13,0.03217303358580472,0.018147996122372435,3.550318610057324,1.9908704038923863
2018-06-20,0.010188256718886249,-0.010602070663315666,3.5864901674904273,1.9697630551888154
2018-06-25,-0.0018281410283212997,-0.0031990983571025737,3.5799335576675673,1.9634615894350798
2018-07-03,-0.0027133191794576628,-0.005507337306981833,3.5702200552843637,1.9526481441727581
2018-07-10,0.04649904113443562,0.02235287932424384,3.7362318644940187,1.9962954525021603
2018-07-17,0.008877018416474354,-0.0018855796014570388,3.7693984635633506,1.9925312785184408
2018-07-24,0.013228524123542966,0.014314542097806082,3.819262042069844,2.0210534513859884
2018-07-31,0.006799662646311572,0.02136773843991802,3.8452317355137824,2.0642387929082977
2018-08-07,-0.002641147494126639,0.004832319347512497,3.8350759113511943,2.0742138539651545
2018-08-14,-0.01367934301798076,0.002689125539268687,3.7826145924598262,2.079791675413757
2018-08-21,-0.0014655767694670236,0.014396775122372588,3.77707088038527,2.1097339684660716
2018-08-28,0.02898260507864533,0.012838084424800233,3.8865402340655275,2.136818911267108
2018-09-04,-0.016283414430343035,-0.01916116840689252,3.8232540887340365,2.095874964253286
2018-09-11,-0.023924488323176285,-0.020311033103391916,3.7317846909315833,2.053305578473767
2018-09-18,-0.012307748778942878,-0.0006332963910438861,3.6858548224584924,2.0520052274612093
2018-09-24,-0.041973121929590886,-0.03470328772377456,3.5311479885806714,1.9807938996419336
2018-10-03,0.0006851861941854745,-0.01573435636891496,3.5335674824320726,1.9496273825315946
2018-10-10,-0.011876772021980429,-0.033911845004520935,3.4916001070189435,1.8835119209186133
2018-10-17,-0.009986113295779569,9.086778736970813e-06,3.4567325927666963,1.8835290359746872
2018-10-24,-0.02284397453093217,-0.02210793177708527,3.377767081457291,1.8418881045471998
2018-10-31,-0.0051237209327436375,0.021836495753498487,3.360460345556096,1.882108486320564
2018-11-07,0.018735068296402,0.020069474756292806,3.42341879963744,1.919881415075379
2018-11-14,0.007735438791434154,-0.0015065745486962012,3.4499004462194804,1.9169889705989116
2018-11-21,0.014708305304957193,0.0028569898041176365,3.500642635254185,1.9224657885425185
2018-11-28,0.024439941525244424,0.007059808058686259,3.586198136560575,1.9360380280090197
2018-12-05,0.0075234318557698965,0.004119555512336598,3.6131786538622777,1.9440136441393974
2018-12-12,-0.00011928107849569947,-0.0017079720033454802,3.6127476700156476,1.9406933232610857
2018-12-19,0.022233928623329777,0.024878517695407956,3.6930732438448763,1.9889748964451968
2018-12-24,-0.0347027972982504,-0.027535882697139708,3.5649132716561356,1.9342067170091262
2019-01-02,0.02361657619183878,0.013709326778884975,3.6491043175535,1.9607233889505187
2019-01-09,0.0008200581511710646,0.003300012254687322,3.652096795293583,1.9671938001621074
2019-01-16,-0.006200699159030925,0.0031059422957799634,3.629451241766307,1.973303790590027
2019-01-23,-0.014969107937629778,-0.008401826484018297,3.5751215943739427,1.956724434541234
2019-01-30,-0.01020245126497999,-0.020112447262935318,3.538646590540965,1.9173699175434267
2019-02-06,0.01758599127290163,0.030264241469440397,3.600877198600102,1.9753976637142017
2019-02-13,-0.02448981311194795,-0.025352528736630936,3.5126923889673107,1.9253163376786138
2019-02-20,-0.005166001877258612,-0.004599791404808419,3.4945458134916736,1.9164602841370226
2019-02-27,-0.010630435100195422,0.010271979079910152,3.4573972710166907,1.9361461240831568
2019-03-06,1.2860260427664631e-05,0.028579026682031702,3.457441734045998,1.9914792958236414
2019-03-13,0.026723375626075387,0.023880931451126425,3.5498362482101786,2.039037676373543
2019-03-20,0.006863811203014041,0.012575228315306565,3.5742016540195087,2.0646790406974525
2019-03-25,-0.005523737684727857,-0.014929467410369194,3.554458701650385,2.0338544822464875
2019-04-02,0.016521185263054138,0.03002871506404052,3.613182572370226,2.094928518975589
2019-04-09,-0.0061431155831328495,-0.003981392915246112,3.5909863742051944,2.086587785412193
2019-04-16,0.013584891025730496,0.010087661698076008,3.6397695327736552,2.1076365770947687
2019-04-23,-0.01924507104360663,-0.01940501052323653,3.5697219095330714,2.0667378671370864
2019-04-30,0.019071056354760987,0.00976191857333464,3.6378002772406015,2.086913193908506
2019-05-07,-0.019852000510935667,-0.02250289287736668,3.565582664278139,2.0399516098616197
2019-05-14,-0.017018527236843654,-0.02494353911123428,3.5049016985909045,1.989067997096011
2019-05-21,0.048992832881340105,0.04093406120305167,3.6766167617754935,2.0704886282261707
2019-05-28,-0.0036909230019410008,0.022623498659960956,3.6630466524001344,2.11733032493231
2019-06-04,0.018749496334950058,0.007385118137623599,3.731726932184062,2.132967059518308
2019-06-11,0.0009425805877069089,-0.006319254857877046,3.7352443855489614,2.119488297065755
2019-06-18,-0.018682890719346056,-0.02512262328994042,3.6654592228836993,2.0662411910111347
2019-06-24,-0.006015633140965439,0.0017489473160704522,3.6434091649056626,2.069854937996508
2019-07-02,0.0037982185942038857,0.020779457595650218,3.6572476293420997,2.112865400909753
2019-07-09,-0.05024902532806087,-0.029548130404774442,3.473474500584298,2.050434178515936
2019-07-16,-0.021444485571609627,0.009095016566819413,3.398987626773164,2.069082911338711
2019-07-23,-0.045662041118058376,-0.031110337222125396,3.2437829139996763,2.0047130442264267
2019-07-30,-0.0009576742783567417,-0.023594149814721372,3.240676426538366,1.9574135443254221
2019-08-06,-0.0062423734123072516,-0.00901887916980732,3.220446914175452,1.9397598680838068
2019-08-13,-0.005399971697565723,-0.003891566797859638,3.203056591985392,1.9322111629853513
2019-08-20,-0.000717325400086347,0.0080088790233075,3.2007589581340468,1.9476860084371852
2019-08-27,-0.002419713551639026,0.0078043108687799855,3.1930140383075196,1.9628863555218021
2019-09-03,-0.0105308723919149,-0.02529432844169803,3.1593888149245104,1.913236463351506
2019-09-11,0.016173824492255698,0.02321577489037739,3.2104882151198955,1.9576537303967363
2019-09-18,0.006770211724962228,-0.01621271076523995,3.232223900076753,1.925914856687321
2019-09-23,0.09582148209505587,0.06950952270662235,3.541940384645169,2.0597842791492496
2019-10-01,-0.032487251980233986,-0.025404387879191727,3.4268724748702346,2.0074567203742806
2019-10-09,-0.0082897225547557,-0.005768836318884179,3.3984646528230313,1.9958760311371975
2019-10-16,-0.00011347429202810023,0.012154762621096462,3.3980790144525694,2.0201354305168064
2019-10-23,0.03009059722233809,0.017681979158704588,3.5003292414061415,2.0558554230969652
2019-10-30,-0.004468672956934594,0.020470837610261382,3.4846874147847027,2.097940505613358
2019-11-06,0.004444385476200399,0.008169640666655733,3.50017470892007,2.1150799256842414
2019-11-13,-0.011007621264196923,-0.009028155190175378,3.461646111365757,2.0959846558755393
2019-11-20,0.0037284990691831684,0.011983498133717624,3.474552855669826,2.121101884087525
2019-11-27,0.010904421240883252,0.007781156982011041,3.512440843631764,2.137606510822449
2019-12-04,-0.018564846623312085,-0.004350129219705516,3.4472329180962835,2.1283076462794877
2019-12-11,-0.02603857714815707,-0.014155354206300612,3.357471877810767,2.0981806976864235
2019-12-18,0.018432328189948947,0.024309871132334602,3.4193579013510993,2.1491872000595325
2019-12-23,0.007212272858521777,0.0036002522571426583,3.444019243536586,2.1569248161275687
2019-12-31,-0.004535166080290444,-0.005635571664758969,3.428400044283431,2.144769311750785
2020-01-07,-0.008849908124665583,-0.008721092894427643,3.398059018876923,2.1260645793458885
2020-01-14,0.028176474836060693,0.026998258176891905,3.4938043433137578,2.183464619759814
2020-01-21,-0.016432703974648803,-0.011134143660290923,3.4363916907947405,2.1591536110062455
2020-01-28,-0.007628029410390201,-0.004351347488446638,3.410178793911738,2.1497583833638227
2020-02-04,-0.000611967155698582,-0.010152324746789957,3.408091876494804,2.127933338128779
2020-02-11,0.01129803833362714,0.013253623597089842,3.446596629159966,2.1561361656320366
2020-02-18,-0.022468222516682117,-0.013644821170146813,3.369157729170753,2.1267160732335015
2020-02-25,-0.020124891423847654,-0.013503055318188413,3.3013537956813743,2.097998908450549
2020-03-03,-0.042559376302890244,-0.04064688529144974,3.1608502371819958,2.012721787477173
2020-03-11,-0.12414440930829707,-0.07620296941148413,2.768448351575046,1.8593464106722222
2020-03-18,-0.1987881505965732,-0.1863329983126021,2.218113623743311,1.5128888190698924
2020-03-23,-0.12045297500286076,-0.10592341602166733,1.950935238869053,1.3526384672930232
2020-03-31,0.03950487542887867,0.09256566950864929,2.0280066924503846,1.477846352621155
2020-04-07,0.046331920492651994,0.022892068969405818,2.121968137283562,1.5116773132515433
2020-04-15,0.09139628464692807,0.024617725203126467,2.3159081411704423,1.5488913699449705
2020-04-22,-0.008898036994598936,0.026188939100494905,2.295301104854215,1.5894551917057413
2020-04-29,-0.007690163107791245,0.03580640426111938,2.2776498649763925,1.6463678668548922
2020-05-06,-0.02049228230115379,-0.02861654637662077,2.2309756209601117,1.599254504440061
2020-05-13,0.0024687382943842087,0.013119776578228843,2.2364833159094135,1.6202363662300407
2020-05-20,-0.03751349315005303,-0.031659826580677126,2.152585014357838,1.5689399638554913
2020-05-27,0.014944051295083227,0.023581147828303752,2.1847533552294287,1.605937369076901
2020-06-03,0.09469746485672892,0.07898259705488625,2.3916439593068883,1.732778473194086
2020-06-10,-0.004329083468733346,0.009377344336084021,2.3812903329795567,1.749027333595381
2020-06-17,-0.03761759884588601,-0.01999066213113029,2.2917119084979456,1.714063119111364
2020-06-22,0.028657167274019867,0.04178860681957387,2.3573858800036347,1.7856914288598411
2020-06-30,0.01608922191599256,-0.005557310930617353,2.3953143845686404,1.7757677863635286
2020-07-07,0.018586041964528486,0.04492187500000007,2.439833798238472,1.8555386048915778
2020-07-14,-0.03111246306018521,-0.01760944417117557,2.3639245593177862,1.8228636014212785
2020-07-21,0.04150544428619052,0.045226954099375424,2.4620402984113077,1.905306169852181
2020-07-28,-0.029233480043322938,0.008683610012716282,2.3900662924818437,1.9218511055859995
2020-08-04,-0.02068855084645922,-0.010128571551925213,2.3406192844634246,1.902385499150925
2020-08-11,0.0053671289511874965,0.022261379298313014,2.3531816899887756,1.9447352243191345
2020-08-18,-0.0002519874884152609,0.008191825241061525,2.3525887176449305,1.9606661554168934
2020-08-25,0.03364609404064328,0.009767245027507376,2.4317441388777685,1.9798164621739913
2020-09-01,-0.012578745254666417,-0.005213572051230379,2.401155848830297,1.9694945464002351
2020-09-08,-0.00044341665509621954,-0.013472978210680765,2.400091136335444,1.9429595892905303
2020-09-15,0.0003174475161540581,0.02264205734393553,2.400853039305217,1.9869521917281956
2020-09-21,-0.01657866825090912,-0.025823909666427156,2.361050093247389,1.9356413178174974
2020-09-29,0.017174696452259733,-0.0029820648876812215,2.4016004119074923,1.9298691098084888
2020-10-06,0.029543498650995616,0.0341520688354873,2.472552090436912,1.995778132490149
2020-10-13,0.0025067928491714847,0.014974848552652357,2.4787502663364234,2.0256646077688845
2020-10-20,0.014081763711480382,-0.0006940135210163624,2.513655441886742,2.0242587691420484
2020-10-27,-0.0023338555326357278,0.0008905883602552178,2.5077889332265544,2.026061550439991
2020-11-03,-0.00785763770955277,-0.004106122448979533,2.4880836363372345,2.017742293624715
2020-11-10,0.023274957483898937,0.06228841692828509,2.5459936771893683,2.1434242668638457
2020-11-17,0.022457786199865735,0.02340350010802797,2.6031710588578973,2.1935878969249436
2020-11-24,-0.0008479192825388668,0.01771105866741057,2.6009637799213445,2.232438660859503
2020-12-01,-0.011057703825721368,0.007764228244602905,2.5722030927815456,2.2497718241644917
2020-12-08,0.06545283099104507,0.023444047461514683,2.7405610670880196,2.3025155815877825
2020-12-15,0.018202704915763538,0.012268792874331018,2.7904466914958532,2.330764668348203
2020-12-21,-0.010741472584598552,-0.022075885412601106,2.7604731848603667,2.279310974606009
2020-12-29,0.029727510482392458,0.0430812235675802,2.8425351803996666,2.3775064802830492
2021-01-05,0.021779048387363022,0.024715871616320804,2.9044428916363727,2.4362686252166954
2021-01-12,0.02194661116782692,0.025610276631638854,2.968185570438275,2.4986621386574774
2021-01-19,-0.021369587321278864,-0.006090753549086105,2.904756669705034,2.4834434033684825
2021-01-27,-0.017627025160805568,-0.037519524110199064,2.8535544508021253,2.390265788719484
2021-02-03,-0.02594453212258824,0.05547268835025201,2.779520315689735,2.5228602578913892
2021-02-10,0.0038585620709082375,0.02172817858848625,2.790245267355174,2.5776774161286475
2021-02-17,-0.005309936158761333,0.01063625419430857,2.775429243118232,2.6050942483575206
2021-02-24,-0.02380966855007856,-0.01335022968477749,2.7093471927553914,2.570315641791455
2021-03-03,0.019387562235792636,0.022784777610809354,2.7618748300733067,2.628879712079258
2021-03-10,-0.002718551047520299,-0.006749714314417389,2.754366532360891,2.6111355250557553
2021-03-17,-0.01482704403449127,-0.03006492151892335,2.713527418498447,2.532631940419681
2021-03-22,0.006927480799839113,0.0026265193730243604,2.7323253275899324,2.539283947275934
2021-03-30,0.012051709942942955,0.0017242608690015728,2.7652545199078027,2.5436623352215055
2021-04-06,0.014654318334542211,-0.0037790791730028563,2.8057774399185633,2.534049633867318
2021-04-13,0.005630708755088709,-0.014205818734532463,2.821575955514343,2.498051384104291
2021-04-20,-0.0063142483617339255,-0.011333386046756808,2.803759824159729,2.4697400034036017
2021-04-27,-0.0360819636601247,0.02447282130575036,2.70259466407268,2.5301815091785613
2021-05-04,-0.00937507072450989,-0.006707174269431963,2.6772576479573154,2.513211140863206
2021-05-11,0.0065012371459616585,0.02727183416838587,2.6946631348275254,2.5817510183269676
2021-05-18,0.01819631615729363,0.016187543433493337,2.7436960771662506,2.623543225070601
2021-05-25,0.010465066621835913,0.00826912942003169,2.7724090394038656,2.645237643537757
2021-06-01,0.007049395287177824,0.020453498935945072,2.7919528466203682,2.6993420088651785
2021-06-08,0.015846960890101774,0.018909343691499162,2.8361968141877694,2.750384794651712
2021-06-15,0.01334337409557224,0.008025422815899944,2.8740412492881466,2.7724577955352143
2021-06-21,-0.006837440986817447,-0.010959717398402858,2.85439016185246,2.7420724415971494
2021-06-29,-0.008730000706836168,-0.00531486551779666,2.8294713337219015,2.727498695330004
2021-07-06,0.01928317598186277,0.0046176357704855115,2.884032527385697,2.7400932908695124
2021-07-13,0.009616580365229149,0.002005706713148037,2.911767057961236,2.7455891143776614
2021-07-20,-0.0112670548038965,-0.010747179163340313,2.8789600189430065,2.716081776256528
2021-07-27,0.01246375478746134,0.007925132788129074,2.914842670662017,2.7376070849967786
2021-08-03,0.03447899078810434,0.02497460715779411,3.015343504252546,2.805977746496967
2021-08-10,0.012147197438767538,0.0011017196152726001,3.0519714771444066,2.809069147220301
2021-08-17,0.001650953870668239,0.017194696603566997,3.057010141267767,2.8573702389451947
2021-08-24,-0.01674571076129878,-0.001333776017218835,3.0058183336477393,2.8535591470481747
2021-08-31,0.013604977723625886,0.03465570707157547,3.0467124251182827,2.952451256959691
2021-09-07,0.017854288392836568,0.015406775435583421,3.1011093074063827,2.9979390104601746
2021-09-14,0.026554809994603235,0.006328906735920911,3.1834586758370547,3.016912686857356
2021-09-20,-0.011679687881269281,-0.003892738254014686,3.146276872120359,3.005168635432204
2021-09-28,0.022488651910925615,0.016547551809532126,3.2170323975128694,3.0548968191233996
2021-10-05,-0.016883996421586438,0.009878033795804184,3.1627160340251343,3.085073193145395
2021-10-12,0.03123480140764294,0.01185513563841035,3.2615028412566773,3.121647154304558
2021-10-19,0.0037849550526233696,0.01990348873076706,3.2738474829148374,3.1837788232616893
2021-10-26,-0.03641143710003011,-0.014706786959196302,3.1546419912155916,3.136955666382779
2021-11-02,-0.012843693784421656,-0.014536108755482145,3.1141247354809405,3.091356537655113
2021-11-09,0.005486149931673012,0.01382663646874345,3.1312092906857205,3.1340996006965436
2021-11-16,0.005182006946724947,-0.001385156949738515,3.147435238981704,3.129758380853466
2021-11-23,-0.03510775536986527,-0.027141888720863535,3.036935852569041,3.0448108271571512
2021-11-30,-0.03151293817050166,-0.03215501299815086,2.9412330808192526,2.946904895433003
2021-12-07,0.006074502592556587,0.012604809321799353,2.9590996087940025,2.9840500697294132
2021-12-14,0.002962091136760086,0.012043184826243463,2.9678647315180013,3.0199875362499293
2021-12-20,-0.0416527236783088,-0.048042627699357986,2.8442450819414837,2.8748993993891725
2021-12-28,0.03036859262277386,0.029972200024761236,2.930620802154293,2.961066459238731
2022-01-04,0.01844731284752986,0.02964092140921409,2.9846828809291117,3.048835197444486
2022-01-11,0.0015072621620790638,0.01402501472546945,2.9891815805013415,3.091595155984175
2022-01-18,0.007340203254742937,0.0026060745609444284,3.011122780867555,3.099652083472924
2022-01-25,-0.03389459879698922,-0.0470744819666998,2.9090619822815746,2.953737567366434
2022-02-01,-0.0007588111903197705,0.019395194198421558,2.906854553496086,3.0110258810966797
2022-02-08,-0.026133384394922514,-0.016973650275103242,2.830888606069442,2.95991778082166
2022-02-15,-0.011482354055018226,0.00011478357829618442,2.798383340804236,2.9602575307760053
2022-02-22,-0.012894850878720004,-0.018904325204673965,2.7622986049230707,2.9042958597246304
2022-03-02,-0.019298298967121624,-0.021546945937665336,2.7089909406088024,2.8417171538481583
2022-03-09,-0.024820353092413386,-0.016658411473011333,2.641752828938743,2.794378660209441
2022-03-16,0.04326705774678283,0.03662554061173814,2.7560537011411625,2.896724289313516
2022-03-21,0.002766155950774744,0.007768909839315852,2.7636773754872292,2.919228679146549
